surface,count,split_as,phrase_count,example,verdict,note
iathuh,10868,ia thuh,123,,,
iing,7510,i ing,2,,,
thain,6217,tha in,0,,,
iaid,6186,ia id,0,,,
sangma,4969,sang ma,5,,,
assam,4962,as sam,0,,,
wanrah,4604,wan rah,550,,,
eiei,4276,ei ei,1310,,,
iakren,3775,ia kren,2713,,,
iaka,3412,ia ka,85846,,,
iadei,3248,ia dei,1004,,,
jingthmu,2943,jing thmu,72,,,
jongu,2827,jong u,15247,,,
nongpoh,2751,nong poh,10,,,
ialam,2685,ia lam,21,,,
jongki,2642,jong ki,17312,,,
jaitbynriew,2504,jait bynriew,286,,,
jongka,2484,jong ka,40206,,,
treikam,2408,trei kam,895,,,
iakhun,2167,ia khun,1110,,,
kila,2118,ki la,29743,,,
ialade,2076,ia lade,334,,,
iarap,2053,ia rap,5,,,
iaki,1829,ia ki,44621,,,
iakynduh,1824,ia kynduh,2238,,,
haka,1802,ha ka,56392,,,
ialeh,1733,ia leh,193,,,
nongstoi,1623,nong stoi,10,,,
ialehkai,1607,ia lehkai,30,,,
longkmie,1582,long kmie,102,,,
iada,1575,i ada,0,,,
mawlai,1557,maw lai,3,,,
minit,1514,mi nit,0,,,
naiwieng,1509,nai wieng,5,,,
ailad,1330,ai lad,233,,,
pyniap,1314,pyni ap,0,,,
naka,1310,na ka,33418,,,
ophisar,1295,ophis ar,0,,,
nailur,1291,nai lur,0,,,
pyntrei,1254,pyn trei,33,,,
kadei,1239,ka dei,16419,,,
unit,1221,u nit,0,,,
sain,1215,sa in,0,,,
jaidbynriew,1160,jaid bynriew,217,,,
namarba,1144,namar ba,7618,"U Conrad u ba la synran ia la ka kmie bad ka para ban leit thep vote , um shym la ioh ban thep vote ialade namarba u don vote ha Salsella konstitwensi",,
paralok,1136,para lok,8,,,
nailar,1131,nai lar,2,,,
iaiong,1082,ia iong,0,,,
rupang,1072,ru pang,0,,,
tura,1059,tu ra,0,,,
nongthohkhubor,1035,nongthoh khubor,1180,,,
marak,1030,ma rak,0,,,
modi,1022,mo di,0,,,
naitung,1007,nai tung,3,,,
iano,980,ia no,12,,,
pynliem,977,pyn liem,0,,,
ladep,969,la dep,4562,,,
watla,951,wa tla,0,,,
bording,950,bor ding,230,,,
shimkhia,949,shim khia,804,,,
nongkitkam,944,nongkit kam,74,,,
pynthikna,940,pyn thikna,32,,,
bala,938,ba la,16706,,,
nongrum,933,nong rum,3,,,
donkti,931,don kti,234,,,
arngut,924,ar ngut,1318,,,
khaii,912,khai i,0,,,
shimti,904,shim ti,3,,,
jingpyrshah,834,jing pyrshah,132,,,
riewlum,833,riew lum,18,,,
donkupar,807,don kupar,6,,,
member,804,mem ber,0,,,
pynursla,783,pynur sla,0,,,
tangba,767,tang ba,267,Bun bah ki jingkylli ki mih naka bynta ka kam Lamphang. Tangba la katta ruh ym don kawei ka jubab ka ban pynjan ia u Paid bah. Skhem Lyngdoh skhemlyngdih@gmail.,,
iashim,767,ia shim,563,,,
khristan,751,khrist an,0,,,
phone,734,pho ne,0,,,
umsning,726,um sning,2,,,
lapang,724,la pang,9,,,
symbud,683,sym bud,0,,,
thombor,682,thom bor,17,,,
napdeng,670,na pdeng,46,,,
kotkhubor,669,kot khubor,365,,,
kilo,668,ki lo,0,,,
khlain,663,khla in,0,,,
puthi,642,put hi,0,,,
jingrakhe,626,jing rakhe,41,,,
jingiap,614,jingi ap,0,,,
shipor,610,shi por,21,,,
iahap,606,ia hap,71,,,
muda,599,mu da,6,,,
jongngi,599,jong ngi,2962,,,
wahlang,597,wah lang,2,,,
khliehriat,590,khlieh riat,5,,,
warjri,588,war jri,0,,,
rangbahduh,582,rangbah duh,292,,,
iewduh,578,iew duh,6,,,
mairang,574,mai rang,2,,,
kumar,570,ku mar,0,,,
rida,549,ri da,46,,,
nehu,536,ne hu,0,,,
jain,530,ja in,0,,,
mawphlang,522,maw phlang,11,,,
sanbor,520,san bor,0,,,
iakhih,512,ia khih,262,,,
mawkyrwat,510,maw kyrwat,14,,,
donlang,504,don lang,804,,,
kidei,502,ki dei,6532,,,
sabha,502,sa bha,0,,,
manla,498,man la,503,,,
jingpule,496,jing pule,30,,,
road,494,ro ad,0,,,
metiap,492,me tiap,0,,,
kharkongor,491,khar kongor,15,,,
jongphi,490,jong phi,633,,split,"ruled by the project's Khasi speaker: the spaced form is correct (ratio 1.29, under the default)"
ialap,486,ia lap,12,,,
jngohkai,484,jngoh kai,147,,,
kaiphod,481,kai phod,2,,,
jirang,480,ji rang,0,,,
dawki,478,daw ki,113,,,
hindu,476,hin du,0,,,
umroi,473,um roi,0,,,
dorkhas,473,dor khas,0,,,
laitluid,472,lait luid,10,,,
ranikor,467,rani kor,0,,,
pala,463,pa la,5,,,
nongsiej,462,nong siej,2,,,
jemino,459,jem ino,0,,,
rahbor,452,rah bor,37,,,
mawhati,450,maw hati,2,,,
haki,450,ha ki,12940,,,
sohiong,448,soh iong,2,,,
amit,448,am it,0,,,
kapor,446,ka por,13107,,,
muslim,441,mu slim,0,,,
shangpliang,440,shang pliang,4,,,
longing,440,lo nging,0,,,
jingkitkhlieh,438,jing kitkhlieh,25,,,
jingsngewkhia,429,jingsngew khia,109,,,
jingshakri,425,jing shakri,13,,,
synod,421,syn od,0,,,
malki,420,ma lki,0,,,
jingpynshai,415,jing pynshai,39,,,
iadon,415,ia don,374,,,
itynnad,415,i tynnad,5,,,
dewbilat,410,dew bilat,14,,,
pynshisha,406,pyn shisha,6,,,
byrnihat,405,byrni hat,8,,,
buddien,402,bud dien,89,,,
jingia,398,jing ia,1492,,,
pynkhein,396,pyn khein,3,,,
bindo,396,bin do,0,,,
bhalang,393,bha lang,3,,,
dalade,393,da lade,155,,,
hasem,392,ha sem,213,,,
mihkhmat,388,mih khmat,135,,,
katdei,384,kat dei,10,,,
lanosha,384,lano sha,0,,,
tehlakam,381,teh lakam,211,,,
marngar,378,mar ngar,0,,,
shaei,375,sha ei,6,,,
haiing,371,hai ing,0,,,
women,368,wo men,0,,,
rambrai,367,ram brai,4,,,
jingkhynra,367,jing khynra,41,,,
jyrwa,365,jy rwa,0,,,
iasoh,354,ia soh,155,,,
thomas,353,thom as,0,,,
mukhim,352,mu khim,0,,,
iaroh,351,ia roh,2,,,
stadium,351,stad ium,0,,,
liengsuin,347,lieng suin,9,,,
lain,344,la in,0,,,
sabbha,341,sab bha,0,,,
iapher,339,ia pher,61,,,
home,338,ho me,0,,,
ribhoi,338,ri bhoi,2411,,,
sepngi,337,sep ngi,4,,,
jongnga,333,jong nga,1199,,,
inner,331,in ner,0,,,
treilang,329,trei lang,138,,,
nongthep,328,nong thep,9,,,
thangkhiew,326,thang khiew,4,,,
sengkmie,326,seng kmie,180,,,
jingiada,324,jingi ada,0,,,
jingtreikam,321,jingtrei kam,123,,,
building,318,bui lding,0,,,
lamare,318,lam are,0,,,
pynshlur,315,pyn shlur,2,,,
sawkmie,315,saw kmie,2,,,
heprit,314,hep rit,66,,,
kurbah,307,kur bah,5,,,
sumer,303,su mer,0,,,
tirot,303,ti rot,0,,,
thungkam,303,thung kam,132,,,
thabah,303,tha bah,0,,,
rule,300,ru le,0,,,
liangpyrshah,299,liang pyrshah,484,,,
jingpynkhreh,298,jing pynkhreh,57,,,
metbah,297,met bah,0,,,
sngewkhia,296,sngew khia,94,,,
iatai,292,ia tai,88,,,
jingkhlad,290,jing khlad,13,,,
nohsngi,289,noh sngi,12,,,
training,287,trai ning,0,,,
langpih,285,lang pih,0,,,
team,284,te am,0,,,
shabong,284,sha bong,0,,,
ishu,283,i shu,13,,,
mashin,282,ma shin,0,,,
nongbri,280,nong bri,0,,,
naki,280,na ki,8587,,,
ehrang,279,eh rang,4,,,
iaphi,279,ia phi,468,,,
iashong,277,ia shong,293,,,
pangniang,276,pang niang,3,,,
nepali,276,ne pali,0,,,
kalong,275,ka long,13908,,,
poiwir,275,poi wir,31,,,
sutnga,274,su tnga,0,,,
sngewtynnad,274,sngew tynnad,155,,,
ialang,274,ia lang,22,,,
lehniam,274,leh niam,42,,,
jingpyntrei,273,jingpyn trei,0,,,
khei,271,kh ei,0,,,
risain,269,risa in,0,,,
momin,269,mom in,0,,,
shadap,269,sha dap,0,,,
pynthut,267,pyn thut,0,,,
lanong,266,la nong,0,,,
jinglap,262,jing lap,9,,,
khanapara,261,khana para,3,,,
hoping,260,ho ping,0,,,
dohling,258,doh ling,0,,,
nongspung,258,nong spung,3,,,
pawnam,255,paw nam,47,,,
water,254,wa ter,0,,,
artad,251,ar tad,3,,,
nangbah,250,nang bah,2,,,
pynthymmai,250,pyn thymmai,11,,,
mawsor,249,maw sor,2,,,
sahteng,248,sah teng,61,,,
kiban,248,ki ban,1987,,,
jingieit,248,jing ieit,0,,,
lyngkhoi,247,lyng khoi,2,,,
phawa,247,pha wa,0,,,
mumbai,247,mum bai,0,,,
meter,245,me ter,0,,,
iala,244,ia la,1887,,,
nonglait,244,nong lait,2,,,
langsning,241,lang sning,0,,,
pynjop,240,pyn jop,0,,,
jingdonlang,239,jingdon lang,77,,,
basah,236,ba sah,499,,,
nartiang,235,na rtiang,2,,,
nohphai,234,noh phai,42,,,
kiang,232,ki ang,6,,,
rilum,227,ri lum,587,,,
pohing,227,poh ing,28,,,
paidlang,227,paid lang,2,,,
lakh,224,la kh,2,,,
pyntriem,222,pyn triem,0,,,
waheh,222,wa heh,0,,,
lahkmen,222,lah kmen,0,,,
jongno,221,jong no,36,Nga kloi ban ktah nakjat jongno jongno ruh na bynta ka jingmyntoi u paidbah,,
saitjai,221,sait jai,8,,,
pyntikna,221,pyn tikna,4,,,
pynjlan,220,pyn jlan,0,,,
jingplie,218,jing plie,9,,,
order,218,or der,0,,,
lambor,218,lam bor,0,,,
pyntbit,217,pyn tbit,0,,,
jingpynslem,215,jing pynslem,26,,,
nala,215,na la,270,,,
marbam,214,mar bam,50,,,
iewtrep,213,iew trep,27,,,
shongsuk,213,shong suk,112,,,
taksi,213,ta ksi,0,,,
mawpat,212,maw pat,3,,,
online,212,on line,18,,,
jingdheng,212,jing dheng,16,,,
jingkynthoh,211,jing kynthoh,14,,,
lamin,211,lam in,0,,,
wanphai,209,wan phai,530,,,
bunkam,208,bun kam,52,,,
sienjam,207,sien jam,69,,,
kharlukhi,206,khar lukhi,3,,,
marten,206,ma rten,0,,,
suting,206,su ting,0,,,
narpuh,204,nar puh,0,,,
mawiong,204,maw iong,2,,,
jingthep,201,jing thep,6,,,
iang,200,i ang,0,,,
riwar,199,ri war,17,,,
kitbok,199,kit bok,13,,,
lumpung,198,lum pung,0,,,
roshan,196,ro shan,0,,,
daplin,196,da plin,0,,,
sohtun,195,soh tun,0,,,
kharbani,194,khar bani,0,,,
shaka,192,sha ka,10334,,,
purno,191,pur no,0,,,
iangi,190,ia ngi,1042,,,
bharat,190,bha rat,0,,,
shymla,189,shym la,4414,,,
kharpuri,188,khar puri,3,,,
skulbah,187,skul bah,78,,,
eriong,186,er iong,3,,,
nongrem,184,nong rem,3,,,
tariang,184,ta riang,0,,,
udei,184,u dei,3824,,,
majaw,183,ma jaw,0,,,
bihar,181,bih ar,0,,,
mining,180,mi ning,0,,,
nangkiew,180,nang kiew,119,,,
jinglehniam,179,jingleh niam,73,,,
urban,178,ur ban,0,,,
jinglaitluid,178,jinglait luid,11,,,
mawnongrim,178,maw nongrim,82,,,
langrin,176,lang rin,0,,,
adei,176,ad ei,0,,,
kharsyntiew,174,khar syntiew,2,,,
peter,174,pet er,0,,,
witting,174,wit ting,0,,,
lukha,174,luk ha,0,,,
iajan,174,ia jan,48,,,
ianga,174,ia nga,857,,,
jingem,174,ji ngem,0,,,
khristmas,174,khrist mas,0,,,
jala,174,ja la,3,,,
hamlet,173,ham let,0,,,
hindi,173,hin di,0,,,
shispah,172,shi spah,34,,,
jingmang,172,jing mang,4,,,
litar,172,li tar,0,,,
pynmynsaw,168,pyn mynsaw,34,,,
sharma,168,shar ma,0,,,
nongjri,167,nong jri,0,,,
laitkor,167,lai tkor,0,,,
emri,167,em ri,0,,,
suja,167,su ja,0,,,
paiem,166,pai em,0,,,
mawprem,166,maw prem,0,,,
under,165,un der,0,,,
maieid,165,ma ieid,44,,,
jingjngai,164,jing jngai,13,,,
semi,163,sem i,4,,,
iohlum,162,ioh lum,451,,,
shongshit,162,shong shit,22,,,
thongni,162,thong ni,0,,,
thanad,161,than ad,0,,,
baka,161,ba ka,29880,,,
kohli,161,ko hli,0,,,
sirdar,160,sir dar,0,,,
tender,160,ten der,0,,,
pariong,158,par iong,0,,,
lumshnong,158,lum shnong,12,,,
junior,158,jun ior,0,,,
malik,157,ma lik,0,,,
mutdur,157,mut dur,34,,,
sikkim,157,sik kim,0,,,
lower,157,lo wer,0,,,
khongsit,156,khong sit,2,,,
khyndailad,156,khyndai lad,95,,,
jingwanrah,155,jingwan rah,16,,,
rashon,155,ra shon,0,,,
balai,154,ba lai,174,,,
sylliang,154,sylli ang,0,,,
beijot,154,be ijot,0,,,
ingsah,153,ing sah,47,,,
uttar,152,ut tar,0,,,
ialong,151,i along,0,,,
jingpynrung,150,jing pynrung,28,,,
riewpaidbah,150,riew paidbah,421,,,
jingdkoh,149,jing dkoh,3,,,
sale,149,sa le,0,,,
arap,149,ar ap,0,,,
nongshongshnong,148,nongshong shnong,2172,,,
jingjur,148,jing jur,10,,,
pynpait,148,pyn pait,2,,,
tuber,148,tu ber,0,,,
jingduhnong,147,jingduh nong,76,,,
iakane,147,ia kane,10691,,,"check: ia- may be the reciprocal prefix, not the preposition"
shangpung,147,shang pung,6,,,
mawroh,146,maw roh,0,,,
jingpluh,146,jing pluh,2,,,
sumo,146,su mo,0,,,
umling,145,um ling,0,,,
planning,145,plan ning,0,,,
pariat,144,pa riat,0,,,
aplai,143,ap lai,0,,,
iasaid,143,ia said,65,,,
iaknieh,143,ia knieh,50,,,"check: ia- may be the reciprocal prefix, not the preposition"
head,143,he ad,0,,,
pyniar,142,pyni ar,0,,,
peitkai,142,pei tkai,0,,,
samlin,141,sam lin,0,,,
bareh,140,ba reh,0,,,
jammu,140,jam mu,0,,,
haing,140,ha ing,528,,,
myrthong,140,myr thong,0,,,
mortem,139,mor tem,0,,,
maruti,139,ma ruti,0,,,
rapsang,138,rap sang,0,,,
islam,138,i slam,0,,,
kharkrang,137,khar krang,3,,,
nongshken,137,nong shken,0,,,
iamih,137,ia mih,282,,,
lamkhmat,136,lam khmat,120,,,
kyllain,136,kylla in,0,,,
batbor,136,bat bor,102,,,
kaikhlaw,135,kai khlaw,19,,,
iateh,135,ia teh,23,,,
dain,135,da in,0,,,
baar,134,ba ar,538,,,
khliehduh,134,khlieh duh,102,,,
janata,133,jan ata,0,,,
khongwir,133,khong wir,0,,,
nongkynrih,133,nong kynrih,2,,,
nalorkata,133,nalor kata,133,,,
marwet,133,mar wet,0,,,
martin,133,ma rtin,0,,,
pynwit,131,pyn wit,0,,,
bakur,131,ba kur,0,,,
hashen,130,ha shen,54,,,
ianujor,130,ia nujor,125,,,
super,130,su per,0,,,
rangdajied,130,rang dajied,0,,,
iasyllok,129,ia syllok,126,,,"check: ia- may be the reciprocal prefix, not the preposition"
wanniang,128,wan niang,0,,,
saian,128,sai an,0,,,
daki,128,da ki,7099,,,
abraham,128,abra ham,0,,,
iatrei,128,ia trei,183,,,
jingmaham,127,jing maham,19,,,
iatylli,127,ia tylli,281,,,
anglong,127,ang long,0,,,
paradoh,126,para doh,45,,,
philip,125,phi lip,0,,,
sarma,125,sar ma,0,,,
raliang,124,ra liang,0,,,
umbam,124,um bam,66,,,
nehru,124,neh ru,0,,,
aireng,124,ai reng,22,,,
manbriew,124,man briew,59,,,
arun,124,ar un,3,,,
shitaiew,123,shi taiew,306,,,
jingtwa,123,jing twa,3,,,
dorphang,122,dor phang,0,,,
monlang,122,mon lang,12,,,
mawpud,122,maw pud,5,,,
sungoh,122,su ngoh,0,,,
akhun,122,ak hun,0,,,
iewmawlong,122,iew mawlong,76,,,
sikh,122,si kh,0,,,
kharsati,121,khar sati,0,,,
parking,121,par king,0,,,
jingshalan,121,jing shalan,16,,,
akar,121,ak ar,0,,,
sahdien,120,sah dien,21,,,
none,120,no ne,4,,,
sohan,119,soh an,0,,,
inter,119,in ter,0,,,
nongrang,118,nong rang,0,,,
iohkem,118,ioh kem,446,,,
kongwang,118,kong wang,0,,,
ingdorbar,118,ing dorbar,605,,,
nongmih,117,nong mih,19,,,
marsien,117,mar sien,39,,,
iasoi,117,ia soi,126,,,
longsem,117,long sem,8,,,
jingsahkut,117,jing sahkut,7,,,
panah,117,pa nah,0,,,
pynjur,115,pyn jur,0,,,
syiemiong,115,syiem iong,0,,,
human,114,hu man,0,,,
jingknia,114,jing knia,3,,,
nongsiang,114,nong siang,3,,,
jingniew,113,jing niew,8,,,
russia,112,rus sia,0,,,
nangtei,111,nang tei,0,,,
iathir,111,ia thir,29,,,"check: ia- may be the reciprocal prefix, not the preposition"
iasuk,110,ia suk,115,,,
teibor,110,tei bor,0,,,
iawer,110,ia wer,30,,,
sngewdei,110,sngew dei,98,,,
shipara,110,shi para,79,,,
ladrymbai,110,lad rymbai,53,,,
siangshai,109,siang shai,0,,,
hain,109,ha in,0,,,
nangmih,109,nang mih,82,,,
khambha,108,kham bha,280,,,
shondur,107,shon dur,41,,,
longkpa,106,long kpa,19,,,
umden,106,um den,0,,,
kalah,104,ka lah,1924,,,
parasnam,104,para snam,63,,,
open,104,op en,0,,,
lehkmen,104,leh kmen,40,,,
nongkha,104,nong kha,7,,,
jingsngewlem,103,jing sngewlem,4,,,
massar,102,mas sar,0,,,
kate,102,ka te,4,,,
jingkamai,102,jing kamai,20,,,
lambok,101,lam bok,0,,,
iapynbeit,101,ia pynbeit,167,,,"check: ia- may be the reciprocal prefix, not the preposition"
riangdo,101,riang do,0,,,
ingmane,101,ing mane,46,,,
master,100,mas ter,0,,,
ialum,100,ia lum,128,,,
bunbah,100,bun bah,463,,,
jingiai,100,jing iai,22,,,
pynkhlai,100,pyn khlai,7,,,
makri,100,mak ri,0,,,
shajrong,99,sha jrong,40,,,
jingkyntur,99,jing kyntur,3,,,
iaineh,99,ia ineh,0,,,
jingitynnad,99,jingi tynnad,0,,,
motion,98,mo tion,0,,,
longtrai,98,long trai,228,,,
iran,98,i ran,0,,,
mawngap,98,maw ngap,0,,,
kadaw,98,ka daw,3774,,,
iathoh,97,ia thoh,38,,,
nonglang,97,nong lang,0,,,
talang,96,ta lang,0,,,
akren,96,ak ren,0,,,
pyntyllun,96,pyn tyllun,3,,,
japan,95,ja pan,0,,,
lymne,95,lym ne,0,,,
beai,95,be ai,2,,,
lutksan,94,lut ksan,12,,,
khonglah,94,khong lah,0,,,
umngot,94,um ngot,0,,,
prasad,94,pra sad,0,,,
iohkam,94,ioh kam,310,,,
pynitynnad,94,pyni tynnad,2,,,
tamil,93,tam il,0,,,
mawbynna,92,maw bynna,13,,,
june,92,ju ne,0,,,
shimpor,91,shim por,203,,,
mynha,91,myn ha,169,,,
amita,91,am ita,0,,,
syrnod,91,syr nod,0,,,
jingjaboh,90,jing jaboh,7,,,
kumtei,90,kum tei,0,,,
jingpynkhein,90,jingpyn khein,4,,,
sinha,90,sin ha,0,,,
sawmer,90,saw mer,9,,,
dihsha,90,dih sha,35,,,
main,89,ma in,0,,,
paliar,89,pa liar,0,,,
baieid,89,ba ieid,29,,,
iasnoh,88,ia snoh,73,,,
surokbah,88,surok bah,447,,,
umkhrah,88,um khrah,3,,,
kitrwiang,88,kit rwiang,32,,,
lammihngi,88,lam mihngi,594,,,
rona,87,ro na,0,,,
iawan,87,ia wan,144,,,
thapa,87,tha pa,0,,,
nongtraw,87,nong traw,0,,,
umran,87,u mran,0,,,
ngaitlang,86,ngai tlang,0,,,
name,86,na me,6,,,
doner,86,do ner,0,,,
tower,86,to wer,0,,,
jinglip,86,jing lip,2,,,
shangkai,86,shang kai,14,,,
iakob,85,ia kob,32,,,
langstieh,85,lang stieh,0,,,
umwang,85,um wang,0,,,
satang,85,sa tang,486,,,
bunjait,85,bun jait,167,,,
dawbah,85,daw bah,79,,,
borbah,85,bor bah,41,,,
bahdeng,85,bah deng,160,,,
liangsynshar,85,liang synshar,98,,,
nadu,85,na du,0,,,
kharkhana,85,khar khana,4,,,
plate,85,pla te,0,,,
baki,85,ba ki,16616,,,
jingpynlip,84,jing pynlip,28,,,
jingdonkti,84,jingdon kti,19,,,
pynshit,84,pyn shit,0,,,
snaitang,84,snai tang,2,,,
kyrain,83,kyra in,0,,,
pynphriang,83,pyn phriang,2,,,
khambun,83,kham bun,349,,,
jingthrang,83,jing thrang,4,,,
jingkyntait,83,jing kyntait,8,,,
hakaba,82,ha kaba,12938,,,
syngkli,82,syng kli,0,,,
lawai,82,la wai,342,,,
balat,82,ba lat,0,,,
lawmali,82,law mali,0,,,
durkhmat,82,dur khmat,64,,,
leilei,82,lei lei,500,,,
neda,82,ne da,79,,,
tata,82,ta ta,0,,,
hakane,82,ha kane,10396,,,
kilah,82,ki lah,1672,,,
hynniewta,81,hynniew ta,0,,,
kharlyngdoh,81,khar lyngdoh,4,,,
khanduli,80,khan duli,0,,,
jingpynsngew,80,jing pynsngew,35,,,
marpoh,80,mar poh,78,,,
kamrup,80,kam rup,0,,,
nalade,80,na lade,30,,,
lumlang,80,lum lang,74,,,
asia,80,as ia,0,,,
maitphang,80,mait phang,11,,,
maweit,80,maw eit,0,,,
khonglam,80,khong lam,0,,,
namdong,80,na mdong,0,,,
nalin,80,na lin,0,,,
jingjyllei,79,jing jyllei,15,,,
lyngkhat,79,lyng khat,0,,,
nongkseh,79,nong kseh,0,,,
petros,79,pet ros,0,,,
shahlang,78,shah lang,6,,,
itei,78,i tei,33,,,
ladon,78,la don,6192,,,
remdor,78,rem dor,67,,,
badonburom,78,ba donburom,23,,,
lyngwa,77,lyng wa,0,,,
hero,77,he ro,0,,,
baieit,77,ba ieit,9,,,
italy,77,ita ly,0,,,
isis,77,is is,0,,,
shongnia,77,shong nia,12,,,
kongthong,77,kong thong,0,,,
mombati,76,mom bati,0,,,
ymbon,76,ym bon,0,,,
shijur,76,shi jur,9,,,
mangi,76,ma ngi,231,,,
sawkun,75,saw kun,2,,,
jingkhapngiah,75,jing khapngiah,9,,,
nongtung,75,nong tung,0,,,
marbud,75,mar bud,0,,,
buam,75,bu am,0,,,
mawlynnong,75,maw lynnong,5,,,
kaliang,75,ka liang,9379,,,
mepa,75,me pa,0,,,
jingsngewkmen,74,jing sngewkmen,7,,,
arta,74,ar ta,0,,,
laitkseh,74,lait kseh,0,,,
jingbymbiang,74,jingbym biang,122,,,
mawmluh,74,maw mluh,4,,,
jordan,74,jor dan,0,,,
lehnohei,73,lehnoh ei,9,,,
areas,73,are as,0,,,
pale,73,pa le,0,,,
klumar,73,klum ar,0,,,
hatmajai,73,hat majai,113,,,
nion,73,ni on,0,,,
kidon,73,ki don,7417,,,
kumban,73,kum ban,305,,,
prada,73,pra da,0,,,
book,72,bo ok,0,,,
nongpluh,72,nong pluh,0,,,
kiren,72,ki ren,0,,,
wankhar,72,wan khar,0,,,
saleng,72,sa leng,0,,,
akbar,72,ak bar,0,,,
iuhroit,71,iuh roit,35,,,
komishon,71,komi shon,0,,,
jingshimkhia,71,jingshim khia,51,,,
jingpynjot,71,jing pynjot,3,,,
sailo,71,sai lo,0,,,
dutta,71,dut ta,0,,,
hajrong,71,ha jrong,63,,,
sohtrun,71,soh trun,2,,,
pynsawa,71,pyn sawa,0,,,
takrain,70,takra in,0,,,
killing,70,kil ling,0,,,
parti,70,par ti,0,,,
nongshnong,70,nong shnong,17,,,
aphi,70,ap hi,6,,,
pynkhamti,69,pyn khamti,0,,,
premier,69,prem ier,0,,,
riatsamthiah,69,riat samthiah,0,,,
iaryngkat,69,ia ryngkat,57,,,
khaddar,69,khad dar,0,,,
lumparing,69,lum paring,0,,,
lawan,69,la wan,4220,,,
sohsaw,69,soh saw,3,,,
iasam,68,ia sam,21,,,
iatyngkhuh,68,ia tyngkhuh,166,,,
pynkupbor,68,pynkup bor,101,,,
umlyngka,68,um lyngka,0,,,
shnongpdeng,68,shnong pdeng,8,,,
lakmen,68,la kmen,56,,,
mitar,68,mi tar,0,,,
pynshna,67,pyn shna,0,,,
sadar,67,sa dar,0,,,
ainam,67,ai nam,32,,,
nota,67,no ta,0,,,
byrsat,67,byr sat,0,,,
other,67,ot her,0,,,
william,67,wil liam,0,,,
klongsnam,67,klong snam,3,,,
metre,66,me tre,0,,,
jingailad,66,jingai lad,9,,,
reshon,66,re shon,0,,,
niewbein,66,niew bein,52,,,
sardar,66,sar dar,0,,,
mawnai,66,maw nai,0,,,
kharmetor,66,khar metor,72,,,
suidniew,66,suid niew,19,,,
iapoi,66,ia poi,388,,,
plakad,66,pla kad,46,,,
nongjngohkai,66,nongjngoh kai,16,,,
anti,66,an ti,0,,,
niewkor,66,niew kor,8,,,
nongkwar,66,nong kwar,0,,,
kyaid,65,kya id,0,,,
riewniam,65,riew niam,24,,,
wapung,65,wa pung,0,,,
mihpat,65,mih pat,28,,,
bamja,65,bam ja,80,,,
meit,65,me it,0,,,
dangshen,65,dang shen,695,,,
songsak,65,song sak,0,,,
suinbneng,65,suin bneng,41,,,
ymdon,65,ym don,1589,,,
rabha,64,ra bha,0,,,
umtrew,64,um trew,0,,,
erwin,64,er win,0,,,
jingbret,64,jing bret,4,,,
phramer,64,phra mer,3,,,
nongaiktien,63,nongai ktien,28,,,
lakhon,63,lak hon,0,,,
dakaba,63,da kaba,5790,,,
patel,63,pa tel,0,,,
mukhla,63,mu khla,0,,,
riewkhuid,63,riew khuid,5,,,
arpa,63,ar pa,0,,,
ymtang,62,ym tang,1160,,,
ramsiej,62,ram siej,0,,,
nongthliew,62,nong thliew,0,,,
irani,62,i rani,0,,,
nongwah,62,nong wah,2,,,
iaishah,61,iai shah,57,,,
lakadong,61,lak adong,0,,,
snohkti,61,snoh kti,50,,,
pynphieng,61,pyn phieng,0,,,
jinglehkmen,61,jingleh kmen,16,,,
umsyiem,61,um syiem,0,,,
ingbishar,61,ing bishar,112,,,
morning,61,mor ning,0,,,
arab,61,ar ab,0,,,
darrang,61,dar rang,0,,,
lathi,61,lat hi,2,,,
nongsawlia,61,nong sawlia,0,,,
jingrisai,60,jing risai,0,,,
warbah,60,war bah,7,,,
kijuh,59,ki juh,96,,,
jinghuri,59,jing huri,11,,,
longshuwa,59,long shuwa,13,,,
jingbamsap,59,jing bamsap,10,,,
mile,59,mi le,0,,,
namlahduh,59,nam lahduh,234,,,
nongiew,59,no ngiew,0,,,
mawjymbuin,59,maw jymbuin,5,,,
jambor,58,jam bor,0,,,
iuhkjat,58,iuh kjat,61,,,
jana,58,ja na,11,,,
beat,58,be at,0,,,
rilbong,58,ri lbong,0,,,
nongaibuit,58,nongai buit,15,,,
ritpaid,58,rit paid,395,,,
lyndem,58,lyn dem,0,,,
tongkhar,58,tong khar,0,,,
donboklang,58,donbok lang,2,,,
room,58,ro om,0,,,
lanka,58,lan ka,0,,,
linda,58,lin da,0,,,
kampher,57,kam pher,87,,,
riewkhraw,57,riew khraw,57,,,
artikil,57,arti kil,0,,,
kynjatbol,57,kynjat bol,6,,,
sohshang,57,soh shang,0,,,
donsap,57,don sap,41,,,
iakop,57,ia kop,9,,,
kadon,57,ka don,4683,,,
sngewlyngngoh,56,sngew lyngngoh,149,,,
mawlieh,56,maw lieh,0,,,
bhawan,56,bha wan,0,,,
stephan,56,step han,0,,,
pynthud,56,pyn thud,0,,,
jingnam,56,jing nam,6,,,
iasngewthuh,56,ia sngewthuh,126,,,"check: ia- may be the reciprocal prefix, not the preposition"
khaid,56,kha id,0,,,
nongsder,56,nong sder,0,,,
july,56,ju ly,0,,,
nongpathai,56,nong pathai,29,,,
paper,56,pa per,0,,,
ymdei,56,ym dei,743,,,
inning,56,in ning,0,,,
pathaikhubor,55,pathai khubor,1266,,,
mishon,55,mi shon,0,,,
rain,55,ra in,0,,,
khongwar,55,khong war,0,,,
mamata,55,ma mata,0,,,
jingpynshisha,55,jingpyn shisha,0,,,
owner,55,ow ner,0,,,
injekshon,55,injek shon,0,,,
latho,54,lat ho,0,,,
iakajia,54,ia kajia,51,,,
rumnong,54,rum nong,0,,,
iapra,54,ia pra,49,,,
mohan,54,mo han,0,,,
maring,54,ma ring,0,,,
jingkhyllem,54,jing khyllem,9,,,
pyndengrei,54,pyndeng rei,0,,,
phudmuri,54,phud muri,2,,,
hajong,54,ha jong,2,,,
riewshimet,53,riew shimet,402,,,
umru,53,um ru,0,,,
pyrdain,53,pyrda in,0,,,
jingpahara,53,jing pahara,15,,,
sari,53,sa ri,0,,,
lailad,53,lai lad,0,,,
nongpeitkai,53,nongpei tkai,0,,,
aiong,53,ai ong,22,,,
barak,53,ba rak,0,,,
pandit,53,pan dit,0,,,
ewduh,53,ew duh,0,,,
slasha,53,sla sha,34,,,
riewrangbah,52,riew rangbah,651,,,
jingpoi,52,jing poi,6,,,
rongjeng,52,rong jeng,0,,,
jingsahdien,52,jingsah dien,4,,,
nongbam,52,nong bam,0,,,
bakshi,52,bak shi,0,,,
jingthungkam,52,jingthung kam,63,,,
ranji,52,ran ji,0,,,
sanphew,51,san phew,23,,,
sorbe,51,sor be,0,,,
iashah,51,ia shah,45,,,
jingsynran,51,jing synran,13,,,
grade,51,gra de,0,,,
nongpyndeng,51,nong pyndeng,3,,,
sohpetbneng,51,sohpet bneng,25,,,
nongum,51,nong um,0,,,
dean,51,de an,0,,,
embhah,51,em bhah,0,,,
tyllilang,51,tylli lang,47,,,
buhteng,50,buh teng,24,,,
manner,50,man ner,0,,,
duhnong,50,duh nong,25,,,
iasyriem,50,ia syriem,63,,,
jingpynthut,50,jingpyn thut,0,,,
tipblei,50,tip blei,57,,,
iatip,50,ia tip,91,,,
sahmiet,50,sah miet,82,,,
niamtre,50,niam tre,18,,,
sohlang,50,soh lang,3,,,
khihlang,50,khih lang,0,,,
akhih,50,ak hih,0,,,
parabriew,50,para briew,127,,,
makdoh,49,ma kdoh,0,,,
nongjngi,49,nong jngi,0,,,
raju,49,ra ju,0,,,
batskhem,49,bat skhem,16,,,
hebru,49,he bru,0,,,
bihari,49,bih ari,0,,,
bahduh,49,bah duh,7,,,
aktor,49,ak tor,0,,,
pynsuba,49,pyn suba,0,,,
ration,49,ra tion,0,,,
pynmang,49,pyn mang,0,,,
mawphniang,49,maw phniang,0,,,
jingkhanglad,49,jing khanglad,5,,,
mother,49,mo ther,0,,,
seion,49,sei on,0,,,
iabeh,48,ia beh,34,,,
langstang,48,lang stang,0,,,
shirta,48,shi rta,12,,,
jingieng,48,ji ngieng,0,,,
kingdom,48,king dom,0,,,
pynsat,48,pyn sat,0,,,
syndai,48,syn dai,0,,,
malidor,48,mali dor,0,,,
lyngkyrdem,47,lyng kyrdem,0,,,
pension,47,pen sion,0,,,
rekod,47,rek od,0,,,
ranjan,47,ran jan,0,,,
pohshna,47,poh shna,0,,,
shongsai,47,shong sai,17,,,
kharsyiemlieh,47,khar syiemlieh,3,,,
only,47,on ly,0,,,
ontep,47,on tep,44,,,
saibon,47,sai bon,0,,,
iamir,47,ia mir,48,,,
single,47,sing le,0,,,
ktiensih,47,ktien sih,4,,,
kitkam,47,kit kam,18,,,
langknia,46,lang knia,3,,,
neil,46,ne il,0,,,
laong,46,la ong,32375,,,
mulieh,46,mu lieh,0,,,
jinghiran,46,jing hiran,0,,,
najrong,46,na jrong,53,,,
rangad,46,rang ad,0,,,
bora,46,bo ra,0,,,
pynthohbria,46,pynthoh bria,33,,,
rohit,46,roh it,0,,,
anil,46,an il,0,,,
syria,46,syr ia,0,,,
mardih,46,mar dih,10,,,
nongpdeng,46,nong pdeng,2,,,
shongwai,46,shong wai,17,,,
kharpran,46,khar pran,0,,,
iathuhkhana,46,ia thuhkhana,0,,,
jingsynjor,46,jing synjor,6,,,
bantei,46,ban tei,503,,,
jubili,46,ju bili,0,,,
krensih,46,kren sih,5,,,
jingle,45,jing le,0,,,
jingtuklar,45,jing tuklar,4,,,
saipung,45,sai pung,0,,,
phrangki,45,phrang ki,0,,,
kyllamiet,45,kylla miet,132,,,
simon,45,si mon,0,,,
iohjam,45,ioh jam,153,,,
jinglehkhuid,45,jingleh khuid,12,,,
thakur,45,tha kur,0,,,
adam,45,ad am,0,,,
jingpynwit,45,jingpyn wit,2,,,
iakine,45,ia kine,1863,,,"check: ia- may be the reciprocal prefix, not the preposition"
jingpynjari,45,jing pynjari,5,,,
daju,45,da ju,0,,,
noah,45,no ah,0,,,
nongpan,45,nong pan,4,,,
myntang,44,myn tang,0,,,
bahadur,44,bah adur,0,,,
sepei,44,sep ei,8,,,
syngkrem,44,syng krem,0,,,
khlemakor,44,khlem akor,149,,,
wahduid,44,wah duid,16,,,
jingpyrkhing,44,jing pyrkhing,4,,,
iakut,44,ia kut,61,,,
jingpynbha,44,jing pynbha,4,,,
dielang,44,die lang,14,,,
kamut,44,ka mut,558,,,
pune,44,pu ne,0,,,
kaitor,44,kai tor,0,,,
marshillong,43,mar shillong,0,,,
masharing,43,ma sharing,0,,,
rahman,43,rah man,0,,,
mini,43,mi ni,0,,,
lawbah,43,law bah,0,,,
dkhiah,43,dkhi ah,0,,,
jingshongkha,43,jing shongkha,3,,,
weiking,43,wei king,0,,,
bhutan,43,bhut an,0,,,
jingiohnong,43,jing iohnong,6,,,
namjop,43,nam jop,60,,,
iohrah,43,ioh rah,126,,,
manas,43,man as,0,,,
thawai,43,tha wai,0,,,
barik,43,bar ik,0,,,
umphyrnai,43,um phyrnai,0,,,
umniuh,43,um niuh,0,,,
nongpynmih,43,nong pynmih,5,,,
diengbah,43,dieng bah,9,,,
lehkhuid,43,leh khuid,60,,,
kilong,43,ki long,3430,,,
paidang,42,pai dang,0,,,
shimbynta,42,shim bynta,1050,,,
khyn,42,kh yn,0,,,
major,42,ma jor,0,,,
pynsaja,42,pyn saja,3,,,
kutlad,42,kut lad,15,,,
asom,42,as om,0,,,
tymmenbasan,42,tymmen basan,68,,,
manga,42,ma nga,187,,,
riewshlur,42,riew shlur,25,,,
babteng,42,ba bteng,89,,,
khapsor,42,khap sor,32,,,
nakata,42,na kata,474,,,
surong,42,su rong,0,,,
narleng,42,nar leng,0,,,
nangjur,42,nang jur,80,,,
iapyrkhat,42,ia pyrkhat,82,,,
apher,42,ap her,0,,,
siejlieh,42,siej lieh,0,,,
rangkynsai,41,rang kynsai,5,,,
load,41,lo ad,0,,,
bataw,41,ba taw,0,,,
jakob,41,ja kob,0,,,
dilip,41,di lip,0,,,
nongtrai,41,nong trai,0,,,
jingiehnoh,41,jing iehnoh,8,,,
spiton,41,spit on,0,,,
puriang,41,pu riang,0,,,
dohlieh,41,doh lieh,0,,,
kipor,41,ki por,1181,,,
birla,41,bir la,0,,,
mawsaw,41,maw saw,0,,,
pyntlot,40,pyn tlot,2,,,
saikia,40,sai kia,0,,,
thawlad,40,thaw lad,97,,,
phanbuh,40,phan buh,0,,,
kisan,40,ki san,333,,,
iapom,40,ia pom,17,,,
synranlang,40,synran lang,171,,,
khampher,40,kham pher,63,,,
kyllastep,40,kylla step,151,,,
sangriang,40,sang riang,0,,,
date,40,da te,0,,,
dumper,40,dum per,0,,,
rome,40,ro me,0,,,
shaki,40,sha ki,6593,,,
seinduli,40,sein duli,0,,,
umbir,40,um bir,0,,,
nanglah,40,nang lah,39,,,
niti,40,ni ti,0,,,
dispur,40,di spur,0,,,
banshai,39,ban shai,38,,,
kamkai,39,kam kai,26,,,
salman,39,salm an,0,,,
iabit,39,ia bit,38,,,
lytan,39,ly tan,0,,,
waiar,39,wai ar,0,,,
iakatei,39,ia katei,9896,,,"check: ia- may be the reciprocal prefix, not the preposition"
haman,39,ha man,287,,,
rishan,39,ri shan,0,,,
maharam,39,ma haram,0,,,
ymlah,39,ym lah,1074,,,
audit,39,aud it,0,,,
umsnam,39,um snam,13,,,
aroh,39,ar oh,0,,,
nohwet,39,noh wet,0,,,
kropha,39,kro pha,0,,,
kheinlang,38,khein lang,44,,,
kharbhih,38,khar bhih,0,,,
werlok,38,wer lok,0,,,
marboh,38,mar boh,0,,,
jingniah,38,jing niah,0,,,
kohima,38,ko hima,0,,,
wallambok,38,wallam bok,0,,,
mawphu,38,maw phu,0,,,
justine,38,justi ne,0,,,
late,38,la te,0,,,
deipeit,38,dei peit,709,,,
bamduh,38,bam duh,98,,,
poiei,38,poi ei,28,,,
terter,38,ter ter,618,,,
treimon,38,trei mon,30,,,
mishra,38,mi shra,0,,,
iieng,38,i ieng,0,,,
pynkupburom,38,pynkup burom,233,,,
sohbar,38,soh bar,0,,,
jingkiewdor,38,jingkiew dor,127,,,
dangar,38,da ngar,0,,,
wahkhen,38,wah khen,0,,,
thalain,38,thala in,0,,,
liengsui,38,lieng sui,0,,,
bailutksan,37,bailut ksan,4,,,
jansing,37,jan sing,3,,,
kyndait,37,kyn dait,0,,,
pawan,37,pa wan,0,,,
sohkha,37,soh kha,0,,,
jingpynsangeh,37,jing pynsangeh,3,,,
nangbun,37,nang bun,42,,,
shanbor,37,shan bor,0,,,
ashok,37,as hok,0,,,
nitin,37,ni tin,0,,,
kalita,37,kali ta,0,,,
dangstep,37,dang step,133,,,
hakine,37,ha kine,2736,,,
holy,37,ho ly,0,,,
myrdon,37,myr don,0,,,
susngi,37,su sngi,0,,,
jingpynher,37,jing pynher,7,,,
pynkyn,37,pyn kyn,0,,,
iatainia,37,ia tainia,49,,,
jingpynheh,36,jing pynheh,11,,,
kharshandi,36,khar shandi,0,,,
ngain,36,nga in,0,,,
mohun,36,mo hun,0,,,
laitkroh,36,lait kroh,0,,,
ialeit,36,ia leit,179,,,
lummawbah,36,lum mawbah,0,,,
mawreng,36,maw reng,0,,,
kharkaia,36,khar kaia,12,,,
ijli,36,i jli,2,,,
nokma,36,no kma,0,,,
lyngkhuid,36,lyng khuid,0,,,
sohshrieh,36,soh shrieh,4,,,
nangroi,36,nang roi,19,,,
nongrahbor,36,nongrah bor,6,,,
iakjakor,36,i akjakor,0,,,
nujorki,36,nujor ki,0,,,
rangsan,36,rang san,0,,,
biden,36,bid en,0,,,
nongujor,35,nong ujor,7,,,
shisur,35,shi sur,10,,,
mynsong,35,myn song,0,,,
shimkabu,35,shim kabu,444,,,
jingthud,35,jing thud,0,,,
jinghun,35,jing hun,0,,,
kharakor,35,khar akor,0,,,
namding,35,nam ding,16,,,
iawbei,35,ia wbei,0,,,
haphi,35,ha phi,90,,,
arabia,35,ara bia,0,,,
duhnoh,35,duh noh,384,,,
khongreng,35,khong reng,0,,,
maieit,35,ma ieit,6,,,
latip,35,la tip,2276,,,
bakhadduh,35,ba khadduh,181,,,
jingpom,35,jing pom,3,,,
mela,35,me la,60,,,
pynbhabriew,35,pyn bhabriew,0,,,
lotha,35,lo tha,0,,,
hynniewmer,34,hynniew mer,5,,,
siju,34,si ju,0,,,
jingpher,34,jing pher,0,,,
iathaw,34,ia thaw,29,,,
muktieh,34,mu ktieh,0,,,
katjuh,34,kat juh,2,,,
dangrit,34,dang rit,108,,,
maitshaphrang,34,mait shaphrang,5,,,
banjop,34,ban jop,349,,,
nongkawang,34,nong kawang,5,,,
aiwai,34,ai wai,105,,,
basin,34,ba sin,0,,,
huroi,34,hu roi,0,,,
kamdei,34,kam dei,2207,,,
herod,34,he rod,0,,,
jingpynsaja,34,jingpyn saja,0,,,
iaphylliew,34,ia phylliew,76,,,"check: ia- may be the reciprocal prefix, not the preposition"
laimer,34,lai mer,3,,,
judah,34,ju dah,0,,,
mradkhlaw,34,mrad khlaw,105,,,
side,34,si de,0,,,
laleh,34,la leh,1796,,,
jingkilan,34,jing kilan,6,,,
poitri,34,poit ri,0,,,
sadon,34,sa don,89,,,
durim,34,du rim,0,,,
tehsong,34,teh song,8,,,
nongnah,34,nong nah,2,,,
mawdoh,34,maw doh,0,,,
jingshahktah,34,jingshah ktah,72,,,
wandonbok,34,wan donbok,0,,,
moon,33,mo on,0,,,
boro,33,bo ro,0,,,
bring,33,bri ng,0,,,
surbe,33,sur be,0,,,
mawkdok,33,maw kdok,2,,,
jingrisain,33,jingrisa in,0,,,
kiengatiar,33,kieng atiar,80,,,
kyrsoibor,33,kyrsoi bor,0,,,
pohkhyndew,33,poh khyndew,79,,,
jingsha,33,jing sha,2,,,
kharmuti,33,khar muti,0,,,
mehta,33,meh ta,0,,,
kajing,33,ka jing,9815,,,
shuhshuh,33,shuh shuh,4115,,,
meiieid,33,mei ieid,27,,,
luistar,33,lui star,0,,,
nursing,33,nur sing,0,,,
batei,33,ba tei,13,,,
sure,33,su re,0,,,
diengngan,33,dieng ngan,0,,,
sanmer,33,san mer,6,,,
saphai,32,sa phai,0,,,
marthong,32,mar thong,0,,,
amrit,32,am rit,0,,,
nongpop,32,nong pop,0,,,
sngewlyngoh,32,sngew lyngoh,4,,,
made,32,ma de,0,,,
table,32,ta ble,0,,,
miani,32,mi ani,0,,,
laitnoh,32,lait noh,462,,,
thubru,32,thu bru,0,,,
parsi,32,par si,0,,,
jingpynsngewthuh,32,jing pynsngewthuh,0,,,
dangsah,32,dang sah,377,,,
kijong,32,ki jong,1003,,,
buhphang,32,buh phang,0,,,
iakito,32,ia kito,1140,,,"check: ia- may be the reciprocal prefix, not the preposition"
iakaba,32,ia kaba,2060,,,"check: ia- may be the reciprocal prefix, not the preposition"
adon,32,ad on,0,,,
longdoh,32,long doh,11,,,
kasngi,32,ka sngi,20578,,,
musulman,32,musul man,0,,,
letter,32,let ter,0,,,
traishnong,32,trai shnong,550,,,
roman,32,ro man,0,,,
lumshyiap,32,lum shyiap,4,,,
mohrmen,32,moh rmen,0,,,
punit,32,pu nit,0,,,
teja,32,te ja,0,,,
saiden,31,sai den,0,,,
amda,31,am da,0,,,
laioh,31,la ioh,9347,,,
nongbsap,31,nong bsap,0,,,
bordoloi,31,bor doloi,0,,,
iapait,31,ia pait,15,,,
suiam,31,sui am,0,,,
dawan,31,da wan,55,,,
wadkam,31,wad kam,70,,,
jingshut,31,jing shut,0,,,
boko,31,bo ko,0,,,
jingwanrung,31,jingwan rung,182,,,
nginiong,31,ngin iong,0,,,
kynshlei,31,kyn shlei,0,,,
naidu,31,nai du,0,,,
nongkya,31,nong kya,0,,,
kapten,31,kap ten,0,,,
paidriewngeit,31,paid riewngeit,64,,,
khatarshnong,31,khatar shnong,4,,,
suhthied,31,suh thied,27,,,
mandir,31,man dir,0,,,
saudi,31,sau di,0,,,
shain,31,sha in,0,,,
baphi,31,ba phi,284,,,
kyndew,30,kyn dew,0,,,
siangrong,30,siang rong,89,,,
khrawbor,30,khraw bor,15,,,
iadie,30,ia die,48,,,"check: ia- may be the reciprocal prefix, not the preposition"
iadih,30,ia dih,62,,,
iadat,30,ia dat,23,,,
lehbha,30,leh bha,130,,,
diengdumbur,30,dieng dumbur,4,,,
umngi,30,um ngi,3,,,
iathied,30,ia thied,75,,,"check: ia- may be the reciprocal prefix, not the preposition"
phukan,30,phu kan,0,,,
shilong,30,shi long,0,,,
nongtluh,30,nong tluh,0,,,
patna,30,pat na,142,,,
mawblei,30,maw blei,0,,,
kuliang,30,ku liang,0,,,
mikir,30,mi kir,0,,,
wanrung,30,wan rung,286,,,
khohram,30,khoh ram,4,,,
nasa,30,na sa,0,,,
dohum,30,do hum,0,,,
lurshai,30,lur shai,0,,,
rilang,30,ri lang,0,,,
adhar,30,ad har,0,,,
sengbah,30,seng bah,15,,,
sohmat,30,soh mat,0,,,
mawbuh,30,maw buh,0,,,
jynrin,30,jyn rin,0,,,
jaitkpa,30,jait kpa,43,,,
mail,29,ma il,0,,,
nongpahara,29,nong pahara,10,,,
thangskai,29,thang skai,0,,,
iohpdiang,29,ioh pdiang,296,,,
kyrai,29,kyr ai,0,,,
shangbangla,29,shang bangla,2,,,
behkam,29,beh kam,63,,,
aiborlang,29,aibor lang,0,,,
herman,29,her man,2,,,
wengkam,29,weng kam,79,,,
shangdiar,29,shang diar,0,,,
umiew,29,u miew,0,,,
tyngsong,29,tyng song,0,,,
sajer,29,sa jer,0,,,
shongshnong,29,shong shnong,233,,,
jingkitbok,29,jingkit bok,5,,,
asoh,29,as oh,0,,,
sana,29,sa na,36,,,
jorhat,29,jor hat,0,,,
luther,29,lut her,0,,,
maria,29,ma ria,0,,,
khyllahjait,29,khyllah jait,51,,,
mathew,29,ma thew,0,,,
dima,29,di ma,0,,,
pynsyier,29,pyn syier,2,,,
naik,29,na ik,0,,,
asak,29,as ak,0,,,
amdoh,29,am doh,0,,,
riewshemphang,29,riew shemphang,94,,,
khohruh,29,khoh ruh,4,,,
brother,29,brot her,0,,,
bodo,29,bo do,0,,,
kabynta,29,ka bynta,10313,,,
banri,29,ban ri,86,,,
kyrshai,29,kyr shai,0,,,
khliehshnong,29,khlieh shnong,8,,,
ohsngew,29,oh sngew,0,,,
laitmon,29,lait mon,2,,,
jingpynshlur,28,jingpyn shlur,0,,,
iapein,28,ia pein,5,,,
wanpoi,28,wan poi,330,,,
shankar,28,shan kar,0,,,
nongneng,28,nong neng,0,,,
mutong,28,mu tong,0,,,
baiar,28,bai ar,0,,,
jingsahteng,28,jingsah teng,6,,,
iarai,28,ia rai,73,,,
iehbein,28,ieh bein,14,,,
sanshyieng,28,san shyieng,13,,,
tiwari,28,tiw ari,0,,,
pynkhrum,28,pyn khrum,0,,,
laitdom,28,lait dom,0,,,
sngikha,28,sngi kha,127,,,
neiah,28,nei ah,0,,,
jingpynbthei,28,jing pynbthei,15,,,
kadda,28,kad da,0,,,
lehbei,28,leh bei,18,,,
kipaidbah,28,ki paidbah,10091,,,
pynthorbah,28,pynthor bah,0,,,
iasah,28,ia sah,50,,,
bashisha,28,ba shisha,104,,,
rana,28,ra na,0,,,
bajoria,28,bajor ia,0,,,
pohkseh,28,poh kseh,0,,,
karate,28,kara te,0,,,
plain,28,pla in,0,,,
shilum,28,shi lum,0,,,
sokon,28,sok on,0,,,
jingpynneh,27,jing pynneh,12,,,
mawjam,27,maw jam,0,,,
iohbor,27,ioh bor,123,,,
marki,27,mar ki,187,,,
sniewbok,27,sniew bok,20,,,
helping,27,he lping,0,,,
jingkyrni,27,jing kyrni,7,,,
nongkhlieh,27,nong khlieh,0,,,
jingialong,27,jingi along,0,,,
hakatei,27,ha katei,10412,,,
lehdonbor,27,leh donbor,132,,,
umsawkhwan,27,umsaw khwan,4,,,
pilot,27,pi lot,0,,,
dabit,27,da bit,0,,,
jingkawang,27,jing kawang,12,,,
limit,27,lim it,0,,,
jingbuddien,27,jingbud dien,9,,,
karan,27,ka ran,3,,,
marba,27,mar ba,74,,,
pynia,27,pyn ia,52,,,
khardewsaw,27,khar dewsaw,0,,,
riki,27,ri ki,231,,,
nirmala,27,nir mala,0,,,
iakata,27,ia kata,1107,,,"check: ia- may be the reciprocal prefix, not the preposition"
diengpasoh,27,dieng pasoh,0,,,
umthli,27,um thli,0,,,
sekhon,27,sek hon,0,,,
jingmaramot,27,jing maramot,8,,,
sawngut,27,saw ngut,385,,,
umlong,27,um long,39,,,
burma,27,bur ma,0,,,
shopping,27,shop ping,0,,,
khunbynriew,27,khun bynriew,70,,,
pynter,27,pyn ter,0,,,
kyllalyngot,27,kylla lyngot,0,,,
laki,27,la ki,1921,,,
madam,27,ma dam,0,,,
ladakh,27,lada kh,0,,,
sodom,27,sod om,0,,,
rakkam,26,rak kam,0,,,
nangto,26,nang to,0,,,
khon,26,kh on,0,,,
dano,26,da no,0,,,
aipor,26,ai por,327,,,
rabon,26,ra bon,0,,,
iashai,26,ia shai,16,,,
tongper,26,tong per,0,,,
sahsniang,26,sah sniang,0,,,
umthlong,26,um thlong,0,,,
teron,26,te ron,0,,,
mawkynjoin,26,maw kynjoin,0,,,
pynriewspah,26,pyn riewspah,0,,,
jingpynbiang,26,jing pynbiang,2,,,
plielad,26,plie lad,133,,,
jingiam,26,ji ngiam,0,,,
oram,26,or am,0,,,
nongwankai,26,nong wankai,2,,,
tyngkhat,26,tyng khat,0,,,
basdang,26,ba sdang,189,,,
laptop,26,lap top,0,,,
uriah,26,u riah,0,,,
nangkyntiew,26,nang kyntiew,19,,,
jingwadbniah,26,jingwad bniah,67,,,
diengsoh,26,dieng soh,12,,,
iarong,26,ia rong,0,,,
nation,26,na tion,0,,,
beer,26,be er,0,,,
nongshongwai,26,nongshong wai,25,,,
syntar,26,syn tar,0,,,
demthring,26,dem thring,0,,,
umdor,26,um dor,0,,,
hitler,26,hi tler,0,,,
khrawbuit,26,khraw buit,0,,,
manar,26,ma nar,0,,,
thalai,26,tha lai,0,,,
khanglut,26,khang lut,42,,,
wankupar,25,wan kupar,0,,,
sukra,25,suk ra,0,,,
baha,25,ba ha,4053,,,
iakhlad,25,ia khlad,33,,,
iawai,25,ia wai,21,,,
nongdkhar,25,nong dkhar,0,,,
bymngeit,25,bym ngeit,22,,,
jingiuhroit,25,jingiuh roit,10,,,
nongpyndonkam,25,nong pyndonkam,26,,,
khadwei,25,khad wei,0,,,
jingpra,25,jing pra,3,,,
dala,25,da la,317,,,
arsngi,25,ar sngi,271,,,
amka,25,am ka,15,,,
more,25,mo re,0,,,
ambani,25,am bani,0,,,
parajor,25,para jor,0,,,
arjun,25,ar jun,0,,,
wansuk,25,wan suk,0,,,
lakador,25,lak ador,0,,,
donhok,25,don hok,100,,,
jingpyntbit,25,jingpyn tbit,0,,,
shilak,25,shi lak,45,,,
pasi,25,pa si,0,,,
jingpyntieng,25,jing pyntieng,8,,,
jingbymhok,25,jing bymhok,0,,,
balah,25,ba lah,592,,,
lerkam,25,ler kam,22,,,
pdengshnong,25,pdeng shnong,20,,,
ubah,25,u bah,31762,,,
paieid,25,pa ieid,2,,,
wain,25,wa in,0,,,
nongkhrah,25,nong khrah,0,,,
jingbunkam,25,jingbun kam,5,,,
otdoh,25,ot doh,111,,,
bakut,25,ba kut,132,,,
iewkor,25,iew kor,0,,,
roipar,25,roi par,0,,,
mawphor,25,maw phor,0,,,
pharoah,25,pharo ah,0,,,
idei,25,i dei,79,,,
dewthala,25,dew thala,7,,,
winner,25,win ner,0,,,
jingsbun,25,jing sbun,2,,,
tikait,25,ti kait,0,,,
pynlyngoh,24,pyn lyngoh,3,,,
puramon,24,pura mon,0,,,
wasa,24,wa sa,0,,,
pranab,24,pran ab,0,,,
umlaper,24,um laper,0,,,
iabam,24,ia bam,98,,,
bajop,24,ba jop,39,,,
pynbieit,24,pyn bieit,0,,,
bajah,24,ba jah,26,,,
kishan,24,ki shan,0,,,
lawmei,24,law mei,0,,,
riwiang,24,ri wiang,0,,,
dura,24,du ra,0,,,
nongdaju,24,nongda ju,0,,,
anjali,24,an jali,0,,,
parakur,24,para kur,48,,,
biangbor,24,biang bor,10,,,
asnoh,24,as noh,0,,,
bapura,24,ba pura,422,,,
jingiohlad,24,jing iohlad,0,,,
rangblang,24,rang blang,0,,,
kharlieh,24,khar lieh,0,,,
into,24,in to,3,,,
pakem,24,pa kem,0,,,
iashem,24,ia shem,4,,,
paduh,24,pa duh,0,,,
hakata,24,ha kata,567,,,
iakhleh,24,ia khleh,23,,,
diko,24,di ko,0,,,
khrang,24,kh rang,0,,,
risiang,24,ri siang,0,,,
mawkriah,24,maw kriah,0,,,
batkupar,24,bat kupar,0,,,
jingpyndik,24,jing pyndik,0,,,
thaiang,24,thai ang,0,,,
umsohlait,24,umsoh lait,0,,,
aiban,24,ai ban,81,,,
pynduhnong,24,pynduh nong,24,,,
riahtam,24,riah tam,0,,,
khongthaw,24,khong thaw,0,,,
nongpyn,24,nong pyn,3,,,
rupari,24,rup ari,0,,,
iasiat,24,ia siat,67,,,
mawshuit,24,maw shuit,0,,,
nongmynsaw,24,nong mynsaw,0,,,
nepa,24,ne pa,0,,,
jingpynthymmai,24,jingpyn thymmai,0,,,
nongpyrshah,24,nong pyrshah,5,,,
rapthap,24,rap thap,0,,,
patarim,24,pata rim,0,,,
erbih,24,er bih,3,,,
loan,23,lo an,0,,,
jahrngai,23,jah rngai,134,,,
lalong,23,la long,3095,,,
denis,23,den is,0,,,
byndihati,23,byndi hati,0,,,
mawkhiew,23,maw khiew,0,,,
nongwar,23,nong war,0,,,
masjid,23,mas jid,0,,,
jahrin,23,jah rin,0,,,
balen,23,ba len,0,,,
bakordor,23,ba kordor,90,,,
kumtai,23,ku mtai,0,,,
meira,23,mei ra,0,,,
jingkhlai,23,jing khlai,0,,,
raswai,23,ra swai,0,,,
songthiang,23,song thiang,0,,,
khatsan,23,khat san,0,,,
jingbymhun,23,jingbym hun,22,,,
wahkdait,23,wah kdait,0,,,
nanghiar,23,nang hiar,45,,,
laitlum,23,lait lum,0,,,
banbein,23,ban bein,60,,,
mawtari,23,maw tari,0,,,
nohsynniang,23,noh synniang,268,,,
tarun,23,ta run,0,,,
pakma,23,pa kma,0,,,
anita,23,an ita,0,,,
mawkhan,23,maw khan,0,,,
sohkhwai,23,soh khwai,0,,,
larsing,23,lar sing,0,,,
khongiong,23,khong iong,0,,,
male,23,ma le,0,,,
khari,23,kh ari,0,,,
pahsyntiew,23,pah syntiew,7,,,
shanlang,23,shan lang,0,,,
nongpet,23,nong pet,0,,,
ohba,23,oh ba,14,,,
iewbah,23,iew bah,4,,,
jingkharoi,23,jing kharoi,2,,,
rawat,23,ra wat,0,,,
phail,22,pha il,0,,,
riewkhmat,22,riew khmat,4,,,
mine,22,mi ne,0,,,
nengnong,22,neng nong,0,,,
iaksaid,22,ia ksaid,21,,,
hosia,22,ho sia,0,,,
umsyep,22,um syep,4,,,
nongieng,22,no ngieng,0,,,
jingpynthikna,22,jingpyn thikna,0,,,
read,22,re ad,0,,,
tiewsoh,22,tiew soh,0,,,
longsan,22,long san,11,,,
hashuwa,22,ha shuwa,207,,,
minor,22,mi nor,0,,,
testing,22,te sting,0,,,
mawlum,22,maw lum,0,,,
nongkhein,22,nong khein,0,,,
sorbah,22,sor bah,32,,,
pynthiah,22,pyn thiah,0,,,
kain,22,ka in,4,,,
mawlot,22,maw lot,0,,,
khlempep,22,khlem pep,241,,,
umsohlang,22,umsoh lang,0,,,
site,22,si te,0,,,
jopthiaw,22,jop thiaw,8,,,
durama,22,dur ama,0,,,
kaneka,22,kan eka,0,,,
sohpdung,22,soh pdung,0,,,
jingmynthi,22,jing mynthi,2,,,
mikah,22,mi kah,0,,,
hangi,22,ha ngi,158,,,
rapbor,22,rap bor,0,,,
pynartatien,22,pyn artatien,8,,,
paidbynriew,22,paid bynriew,2,,,
lehrai,22,leh rai,0,,,
pongtung,22,pong tung,0,,,
nongshalan,22,nong shalan,2,,,
pynibor,22,pyni bor,137,,,
debate,22,de bate,0,,,
papa,22,pa pa,0,,,
tangjait,22,tang jait,28,,,
angi,22,ang i,0,,,
raidmynsaw,22,raid mynsaw,15,,,
bung,22,bu ng,0,,,
kanan,22,ka nan,8,,,
tailin,22,tai lin,0,,,
sialieh,22,sia lieh,61,,,
toin,21,to in,0,,,
jingduhnoh,21,jingduh noh,55,,,
papang,21,pa pang,0,,,
naia,21,na ia,3,,,
banking,21,ban king,6,,,
jingsuki,21,jing suki,4,,,
jingkynrum,21,jing kynrum,7,,,
sitting,21,sit ting,0,,,
imran,21,i mran,0,,,
muthlong,21,mu thlong,0,,,
musniang,21,mu sniang,0,,,
donlad,21,don lad,73,,,
aili,21,ai li,0,,,
jingsan,21,jing san,0,,,
phetrieh,21,phet rieh,99,,,
umjapung,21,um japung,0,,,
iashoh,21,ia shoh,34,,,
aman,21,am an,0,,,
atrei,21,at rei,0,,,
wanphrang,21,wan phrang,0,,,
dinam,21,di nam,0,,,
hema,21,he ma,0,,,
nongmadan,21,nong madan,0,,,
mahajan,21,ma hajan,0,,,
ahap,21,ah ap,0,,,
pohtam,21,poh tam,3,,,
benjamin,21,ben jamin,0,,,
manih,21,man ih,0,,,
langi,21,la ngi,45,,,
paris,21,par is,0,,,
jingpynpra,21,jing pynpra,0,,,
graham,21,gra ham,0,,,
ahmad,21,ah mad,0,,,
hanga,21,ha nga,138,,,
khongtani,21,khong tani,0,,,
bympat,21,bym pat,499,,,
pyninam,21,pyni nam,23,,,
jabai,21,ja bai,0,,,
rongrin,21,rong rin,0,,,
khongngai,21,khong ngai,0,,,
shisem,21,shi sem,19,,,
jingsngewlyngngoh,21,jingsngew lyngngoh,61,,,
shahktah,21,shah ktah,509,,,
kumka,21,kum ka,6411,,,
sahkynmaw,21,sah kynmaw,86,,,
jingbieit,21,jing bieit,0,,,
hubei,21,hu bei,0,,,
mobai,21,mo bai,0,,,
nongthiah,21,nong thiah,0,,,
laleit,21,la leit,4296,,,
nongsiew,20,nong siew,2,,,
darang,20,da rang,3,,,
khaduh,20,kha duh,0,,,
nongsar,20,nong sar,2,,,
pynjngut,20,pyn jngut,0,,,
mynthong,20,myn thong,0,,,
pawshai,20,paw shai,136,,,
paibah,20,pai bah,0,,,
rashir,20,ra shir,0,,,
pynshem,20,pyn shem,0,,,
rising,20,ri sing,0,,,
arki,20,ar ki,111,,,
laden,20,la den,0,,,
narwan,20,nar wan,0,,,
bynther,20,byn ther,0,,,
shetja,20,shet ja,34,,,
iatei,20,ia tei,12,,,
nianglang,20,niang lang,0,,,
symbol,20,sym bol,0,,,
rangthong,20,rang thong,0,,,
pynjan,20,pyn jan,0,,,
thyrniang,20,thyrnia ng,0,,,
khongphai,20,khong phai,0,,,
sangah,20,sa ngah,0,,,
lurman,20,lur man,0,,,
theilin,20,thei lin,0,,,
mawmaram,20,maw maram,0,,,
petition,20,peti tion,0,,,
jinglongtrai,20,jinglong trai,139,,,
dohpnat,20,doh pnat,0,,,
synroplang,20,synrop lang,19,,,
tapan,20,ta pan,0,,,
dame,20,da me,0,,,
jingkhien,20,jing khien,0,,,
pynmlien,20,pyn mlien,0,,,
dewbah,20,dew bah,0,,,
pynsniewdur,20,pynsniew dur,36,,,
laduh,20,la duh,513,,,
jingshongshit,20,jingshong shit,8,,,
jingbate,20,jing bate,2,,,
tiehsaw,20,tieh saw,0,,,
jakrem,20,ja krem,0,,,
nongkamai,20,nong kamai,12,,,
pyrdai,20,pyrda i,0,,,
jingbymioh,20,jingbym ioh,116,,,
litre,20,li tre,0,,,
marrep,20,mar rep,296,,,
rongtuh,20,rong tuh,43,,,
lehbor,20,leh bor,17,,,
sahwai,20,sah wai,19,,,
diengjri,20,dieng jri,21,,,
syntu,20,syn tu,0,,,
liter,20,li ter,0,,,
deihok,20,dei hok,267,,,
ranjit,20,ran jit,0,,,
kalam,20,ka lam,17,,,
siatbakon,20,siat bakon,0,,,
umrit,20,u mrit,0,,,
lalung,20,la lung,4,,,
madras,20,mad ras,0,,,
lukas,20,luk as,0,,,
nangmut,20,nang mut,14,,,
myrboh,20,myr boh,0,,,
jingtar,20,jing tar,0,,,
lathaw,20,la thaw,778,,,
iarung,20,ia rung,49,,,
iewskum,20,iew skum,7,,,
rapid,20,ra pid,0,,,
thangbru,20,thang bru,2,,,
nikhla,20,ni khla,0,,,
mawlam,20,maw lam,0,,,
janis,20,jan is,0,,,
thangbriew,20,thang briew,45,,,
baphra,20,ba phra,49,,,
khda,20,kh da,0,,,
pynkhynniuh,19,pyn khynniuh,4,,,
dalei,19,da lei,223,,,
wanlang,19,wan lang,49,,,
nangiai,19,nang iai,94,,,
ryngkatlang,19,ryngkat lang,85,,,
darnei,19,dar nei,0,,,
sohkymphor,19,soh kymphor,0,,,
randien,19,ran dien,2,,,
planet,19,pla net,0,,,
duhei,19,du hei,0,,,
jingbhah,19,jing bhah,3,,,
kulang,19,ku lang,0,,,
jingiar,19,jingi ar,0,,,
hashah,19,ha shah,0,,,
thungjam,19,thung jam,9,,,
mawjrong,19,maw jrong,0,,,
parmaw,19,par maw,44,,,
jingbynniaw,19,jing bynniaw,6,,,
teilang,19,tei lang,2,,,
mako,19,ma ko,0,,,
hame,19,ha me,17,,,
jingkob,19,jing kob,0,,,
riehtngen,19,rieh tngen,59,,,
meinah,19,mei nah,2,,,
lumjingshai,19,lum jingshai,6,,,
shakti,19,sha kti,5,,,
shitniam,19,shit niam,10,,,
deka,19,de ka,27,,,
jingklang,19,jing klang,0,,,
sahkhar,19,sah khar,0,,,
tablet,19,tab let,0,,,
sohklet,19,soh klet,0,,,
khadsawphra,19,khadsaw phra,0,,,
jinglynga,19,jing lynga,4,,,
dabid,19,da bid,0,,,
shutia,19,shut ia,15,,,
iakiwei,19,ia kiwei,988,,,
engine,19,eng ine,0,,,
nakane,19,na kane,1260,,,
matabor,19,mata bor,0,,,
iaibteng,19,iai bteng,480,,,
malang,19,ma lang,0,,,
timsih,19,tim sih,5,,,
nongsah,19,nong sah,0,,,
shiing,19,shi ing,22,,,
denang,19,de nang,0,,,
ranbir,19,ran bir,0,,,
mukti,19,mu kti,0,,,
jingjai,19,jing jai,3,,,
kapil,19,kap il,0,,,
duhjait,19,duh jait,36,,,
lasting,19,la sting,2,,,
dipu,19,di pu,0,,,
ibei,19,i bei,0,,,
ladpathai,19,lad pathai,1220,,,
jingkutlad,18,jingkut lad,6,,,
jingkhlong,18,jing khlong,2,,,
umkdait,18,um kdait,0,,,
banner,18,ban ner,0,,,
kharbteng,18,khar bteng,0,,,
amir,18,am ir,0,,,
lakuna,18,la kuna,0,,,
khunlangbrot,18,khun langbrot,23,,,
mawpdang,18,maw pdang,0,,,
umdihar,18,umdih ar,0,,,
rangthylliang,18,rang thylliang,2,,,
sunar,18,su nar,0,,,
niangryndia,18,niang ryndia,0,,,
hojai,18,ho jai,0,,,
syngkieng,18,syng kieng,0,,,
hokum,18,ho kum,0,,,
sohkyrdot,18,soh kyrdot,4,,,
basu,18,ba su,0,,,
bana,18,ba na,1217,,,
parties,18,par ties,0,,,
aidaw,18,ai daw,162,,,
niangti,18,niang ti,0,,,
jinglynshop,18,jing lynshop,11,,,
pynshaiong,18,pyn shaiong,0,,,
makasin,18,maka sin,0,,,
enlang,18,en lang,0,,,
brahma,18,brah ma,0,,,
nangheh,18,nang heh,19,,,
iengskhem,18,ieng skhem,96,,,
menkmie,18,men kmie,0,,,
riewkynthei,18,riew kynthei,39,,,
mawdem,18,maw dem,0,,,
imsngi,18,im sngi,24,,,
kyrdemkulai,18,kyrdem kulai,12,,,
synkieng,18,syn kieng,0,,,
jongme,18,jong me,155,,,
jingsakhi,18,jing sakhi,5,,,
biangtam,18,biang tam,71,,,
jingpynngat,18,jing pynngat,2,,,
bashai,18,ba shai,36,,,
malaria,18,mala ria,0,,,
pyllang,18,pylla ng,0,,,
jingshimti,18,jingshim ti,0,,,
jingpyntuid,18,jing pyntuid,2,,,
sawkuna,18,saw kuna,2,,,
nokmas,18,nok mas,0,,,
wanlambok,18,wanlam bok,0,,,
nakhmat,18,na khmat,66,,,
lamlynti,18,lam lynti,18,,,
root,18,ro ot,0,,,
marsing,18,mar sing,0,,,
lunar,18,lun ar,0,,,
data,18,da ta,0,,,
jingpur,18,jing pur,4,,,
pynjai,18,pyn jai,7,,,
jaidoh,18,jai doh,0,,,
jude,18,ju de,0,,,
iathep,18,ia thep,37,,,
mynsien,18,myn sien,0,,,
akop,18,ak op,0,,,
bokstar,18,bok star,0,,,
nehuta,18,neh uta,0,,,
jongi,18,jong i,365,,,
sahnam,18,sah nam,5,,,
poipynhun,18,poi pynhun,0,,,
homme,18,hom me,0,,,
ktiensang,18,ktien sang,5,,,
satpator,17,sat pator,0,,,
nongblai,17,nong blai,0,,,
jingpynjlan,17,jingpyn jlan,0,,,
mawjynthut,17,maw jynthut,6,,,
moit,17,mo it,0,,,
iania,17,ia nia,10,,,
jingtwad,17,jing twad,0,,,
kharpan,17,khar pan,0,,,
umkrem,17,um krem,0,,,
rikut,17,ri kut,0,,,
lynba,17,lyn ba,0,,,
pine,17,pi ne,0,,,
kimdei,17,kim dei,1118,,,
kohtympan,17,koh tympan,18,,,
pynsyaid,17,pyn syaid,0,,,
thamar,17,tha mar,0,,,
pynsepei,17,pynsep ei,15,,,
sokar,17,sok ar,0,,,
umdang,17,um dang,0,,,
pynbuh,17,pyn buh,0,,,
asam,17,as am,0,,,
laitphar,17,lait phar,0,,,
lehmon,17,leh mon,24,,,
tube,17,tu be,0,,,
waroh,17,wa roh,0,,,
saikil,17,sai kil,0,,,
iuma,17,iu ma,0,,,
jingpynsyrwa,17,jing pynsyrwa,2,,,
pathak,17,pat hak,0,,,
rukh,17,ru kh,0,,,
behar,17,be har,0,,,
tiapur,17,tiap ur,0,,,
shitlang,17,shi tlang,0,,,
biren,17,bir en,0,,,
starwin,17,star win,0,,,
itieng,17,i tieng,0,,,
jingbymtip,17,jingbym tip,24,,,
sheen,17,she en,0,,,
iewbei,17,iew bei,4,,,
lyndoh,17,lyn doh,0,,,
synnah,17,syn nah,0,,,
stephen,17,step hen,0,,,
pynlynga,17,pyn lynga,0,,,
jingthurmur,17,jing thurmur,3,,,
jingwantuid,17,jingwan tuid,64,,,
simsang,17,sim sang,0,,,
lenlade,17,len lade,26,,,
iatan,17,ia tan,4,,,
kador,17,ka dor,1513,,,
longsnam,17,long snam,14,,,
tangsang,17,tang sang,0,,,
arwan,17,ar wan,0,,,
rajen,17,ra jen,0,,,
pynmadan,17,pyn madan,0,,,
ronghang,17,rong hang,0,,,
jingtyngkhuh,17,jing tyngkhuh,9,,,
sarkar,17,sar kar,0,,,
persia,17,per sia,0,,,
langte,17,lang te,0,,,
jingbymman,17,jing bymman,0,,,
umjaiur,17,um jaiur,0,,,
damian,17,da mian,0,,,
jingpynjaboh,17,jing pynjaboh,4,,,
kupli,17,ku pli,0,,,
nongmawlong,17,nong mawlong,0,,,
memo,17,me mo,3,,,
laitduh,17,lai tduh,0,,,
mawrong,17,maw rong,2,,,
iatynjuh,17,ia tynjuh,44,,,
aksaid,17,ak said,0,,,
lyting,17,ly ting,0,,,
mawlan,17,maw lan,0,,,
mawtnum,17,maw tnum,0,,,
tukri,17,tuk ri,0,,,
jingpakhang,17,jing pakhang,19,,,
riewmadan,17,riew madan,11,,,
myrsing,17,myr sing,0,,,
sengkur,17,seng kur,78,,,
teiskhem,17,tei skhem,2,,,
nangpyrdang,17,nang pyrdang,0,,,
jaitkam,16,jait kam,93,,,
bhutia,16,bhut ia,0,,,
kynra,16,kyn ra,0,,,
nongphud,16,nong phud,0,,,
thohkhubor,16,thoh khubor,33,,,
jingphoh,16,jing phoh,0,,,
isangsot,16,i sangsot,22,,,
nasar,16,na sar,0,,,
pohsngap,16,poh sngap,0,,,
khaweh,16,khaw eh,2,,,
bamkhana,16,bam khana,35,,,
daman,16,da man,0,,,
atai,16,at ai,0,,,
iron,16,i ron,0,,,
iamon,16,ia mon,3,,,
komik,16,kom ik,0,,,
nongriat,16,nong riat,0,,,
riewsniew,16,riew sniew,29,,,
mawtap,16,maw tap,0,,,
saini,16,sai ni,0,,,
lapdien,16,lap dien,17,,,
jingmiat,16,jing miat,0,,,
ympat,16,ym pat,1014,,,
longkni,16,long kni,0,,,
naphi,16,na phi,33,,,
khain,16,kha in,0,,,
kilanmet,16,kilan met,61,,,
laskei,16,la skei,0,,,
iabaroh,16,ia baroh,2310,,,
nongdawah,16,nongda wah,0,,,
arseng,16,ar seng,124,,,
jingkynthah,16,jing kynthah,0,,,
muktan,16,muk tan,0,,,
iapyni,16,ia pyni,98,,,
iakitei,16,ia kitei,2901,,,
kheinkor,16,khein kor,10,,,
sawan,16,sa wan,538,,,
najiar,16,na jiar,0,,,
tamang,16,ta mang,0,,,
jingtan,16,jing tan,0,,,
khadsan,16,khad san,0,,,
iawad,16,ia wad,34,,,
nongak,16,no ngak,0,,,
tomar,16,to mar,0,,,
jingtreilang,16,jingtrei lang,5,,,
wanshnong,16,wan shnong,4,,,
iathiah,16,ia thiah,19,,,
lyngdohsohblei,16,lyngdoh sohblei,20,,,
pynkhapngiah,16,pyn khapngiah,3,,,
lato,16,la to,0,,,
mawthei,16,maw thei,0,,,
rongbiria,16,rong biria,0,,,
umkhen,16,um khen,0,,,
jingrahbor,16,jingrah bor,3,,,
jingbom,16,jing bom,4,,,
kyrshanlang,16,kyrshan lang,46,,,
shohshrieh,16,shoh shrieh,5,,,
tiwa,16,ti wa,0,,,
banga,16,ba nga,719,,,
shihajar,16,shi hajar,45,,,
bangi,16,ba ngi,1165,,,
rungtuh,16,rung tuh,68,,,
wanmih,16,wan mih,236,,,
laiphewjait,16,laiphew jait,26,,,
aineh,16,ai neh,5,,,
jingpynmang,16,jingpyn mang,0,,,
jingskud,16,jing skud,0,,,
bashyrkhei,16,ba shyrkhei,98,,,
darwin,16,dar win,0,,,
penshon,16,pen shon,0,,,
hektar,16,he ktar,0,,,
khasei,16,kha sei,0,,,
jingpynap,16,jing pynap,4,,,
sodium,16,sod ium,0,,,
sanu,16,san u,7,,,
umphiang,16,um phiang,0,,,
dongmusa,16,dong musa,0,,,
ribon,16,ri bon,0,,,
enbin,16,en bin,0,,,
nongsakhi,15,nong sakhi,0,,,
umiong,15,um iong,0,,,
khrawkupar,15,khraw kupar,0,,,
ingsaw,15,ing saw,3,,,
budnah,15,bud nah,0,,,
syniang,15,synia ng,0,,,
bansara,15,ban sara,2,,,
syndep,15,syn dep,3,,,
sympli,15,sym pli,0,,,
sanki,15,san ki,11,,,
iaseng,15,ia seng,10,,,
sngewjan,15,sngew jan,6,,,
mawkhap,15,maw khap,0,,,
renik,15,ren ik,0,,,
mein,15,me in,0,,,
ringdur,15,ring dur,41,,,
sadhu,15,sad hu,0,,,
aseng,15,as eng,0,,,
malini,15,mali ni,0,,,
suna,15,su na,0,,,
pynjyrngam,15,pyn jyrngam,0,,,
iabud,15,ia bud,24,,,
khandu,15,khan du,0,,,
rithor,15,ri thor,60,,,
saha,15,sa ha,168,,,
riewkhlai,15,riew khlai,2,,,
pyniphuh,15,pyn iphuh,0,,,
khatwai,15,khat wai,0,,,
khongbuh,15,khong buh,0,,,
dangim,15,da ngim,2,,,
sengkam,15,seng kam,401,,,
pyndapbor,15,pyndap bor,0,,,
sohktung,15,soh ktung,0,,,
mawniuh,15,maw niuh,0,,,
kibor,15,ki bor,3136,,,
lashim,15,la shim,2082,,,
kenstar,15,ken star,0,,,
imon,15,i mon,10,,,
rate,15,ra te,0,,,
hamren,15,ham ren,0,,,
shangrit,15,shang rit,0,,,
jingaibor,15,jing aibor,0,,,
mawmer,15,maw mer,2,,,
jingpyndait,15,jing pyndait,0,,,
arear,15,are ar,0,,,
shaphi,15,sha phi,20,,,
hehduh,15,heh duh,204,,,
seibor,15,sei bor,2,,,
aikam,15,ai kam,185,,,
umsawli,15,umsaw li,0,,,
ngiat,15,ngi at,0,,,
rishi,15,ri shi,3,,,
lumrit,15,lum rit,7,,,
bashemphang,15,ba shemphang,21,,,
joplin,15,jop lin,0,,,
pyntyrkhong,15,pyn tyrkhong,9,,,
jingling,15,jing ling,0,,,
labuh,15,la buh,2277,,,
ratna,15,rat na,0,,,
sabka,15,sab ka,3,,,
khlehlang,15,khleh lang,34,,,
komen,15,ko men,0,,,
bari,15,ba ri,12,,,
synram,15,syn ram,0,,,
nongpathaw,15,nong pathaw,0,,,
sangram,15,sang ram,0,,,
sngapjar,15,sngap jar,121,,,
wahbah,15,wah bah,15,,,
umsur,15,um sur,0,,,
tyngshai,15,tyng shai,0,,,
lariti,15,la riti,4,,,
nonglyngkien,15,nong lyngkien,0,,,
kabamut,15,ka bamut,0,,,
amred,15,am red,0,,,
asaram,15,as aram,0,,,
nongshillong,14,nong shillong,9,,,
mukroh,14,mu kroh,0,,,
pohshnong,14,poh shnong,7,,,
jingpynbam,14,jing pynbam,5,,,
iabiang,14,ia biang,22,,,
arbor,14,ar bor,0,,,
sngewdonkam,14,sngew donkam,54,,,
hakajuh,14,ha kajuh,1769,,,
adalat,14,ada lat,0,,,
pynshailang,14,pynshai lang,3,,,
erlangthari,14,er langthari,3,,,
shongdum,14,shong dum,23,,,
haat,14,ha at,0,,,
lumsohphoh,14,lum sohphoh,0,,,
nongkhyriem,14,nong khyriem,0,,,
photo,14,pho to,0,,,
jingshitrhem,14,jing shitrhem,0,,,
bharati,14,bha rati,0,,,
nokrek,14,no krek,0,,,
khongji,14,khong ji,0,,,
iakhein,14,ia khein,31,,,
riewshim,14,riew shim,117,,,
jinglehbha,14,jingleh bha,17,,,
jahan,14,ja han,0,,,
jrongkti,14,jrong kti,44,,,
wadbniah,14,wad bniah,161,,,
helen,14,he len,0,,,
iakiba,14,ia kiba,2230,,,
nongshangkai,14,nongshang kai,12,,,
hakito,14,ha kito,265,,,
jingwanpoi,14,jingwan poi,66,,,
metro,14,met ro,0,,,
being,14,be ing,0,,,
iakyn,14,ia kyn,0,,,
iewta,14,iew ta,2,,,
kutsnem,14,kut snem,62,,,
lyngshop,14,lyng shop,0,,,
rhino,14,rhi no,0,,,
arbnai,14,ar bnai,152,,,
sahani,14,sah ani,0,,,
kana,14,ka na,195,,,
kaur,14,ka ur,5,,,
bymbiang,14,bym biang,107,,,
jingshongsuk,14,jingshong suk,33,,,
shongsyier,14,shong syier,21,,,
umkor,14,um kor,2,,,
janmied,14,jan mied,0,,,
khongsni,14,khong sni,0,,,
kiewdor,14,kiew dor,59,,,
pynbunkam,14,pynbun kam,2,,,
mupyut,14,mu pyut,0,,,
rama,14,ra ma,0,,,
iakyrshan,14,ia kyrshan,20,,,
laitmawsiang,14,lait mawsiang,0,,,
dulong,14,du long,0,,,
jingslap,14,jing slap,0,,,
jingneh,14,jing neh,0,,,
pynpulom,14,pyn pulom,3,,,
laitphlang,14,lait phlang,0,,,
jingiphuh,14,jing iphuh,0,,,
tyngkrei,14,tyng krei,0,,,
shanniah,14,shan niah,0,,,
trailer,14,trai ler,0,,,
nongkharai,14,nong kharai,0,,,
making,14,ma king,0,,,
pynjngai,14,pyn jngai,0,,,
iakhana,14,ia khana,25,,,
judo,14,ju do,0,,,
pilangku,14,pilang ku,0,,,
iashongkha,14,ia shongkha,30,,,
shanmu,14,shan mu,0,,,
khlursing,14,khlur sing,10,,,
jingtam,14,jing tam,2,,,
jaipur,14,jai pur,0,,,
jingkyndang,14,jing kyndang,0,,,
neima,14,nei ma,0,,,
jingpynsahteng,14,jingpynsah teng,0,,,
iohei,14,ioh ei,56,,,
jinglam,14,jing lam,4,,,
amur,14,am ur,0,,,
khangdam,14,khang dam,22,,,
kiwa,14,ki wa,6,,,
pohlong,14,poh long,0,,,
bakmen,14,ba kmen,28,,,
hering,14,he ring,0,,,
milan,14,mi lan,0,,,
itriem,14,i triem,8,,,
sumarlang,14,sumar lang,0,,,
motdur,14,mot dur,16,,,
mawten,14,maw ten,0,,,
umsalait,14,um salait,0,,,
muthu,14,mu thu,0,,,
khangweng,14,khang weng,0,,,
donna,14,don na,133,,,
hour,13,ho ur,0,,,
nangai,13,na ngai,0,,,
pynkham,13,pyn kham,2,,,
shanbok,13,shan bok,0,,,
jatalong,13,jat along,0,,,
batista,13,ba tista,0,,,
jingpynthud,13,jingpyn thud,0,,,
winning,13,win ning,0,,,
amareh,13,ama reh,0,,,
sharad,13,sha rad,0,,,
better,13,bet ter,0,,,
baphyrnai,13,ba phyrnai,26,,,
pain,13,pa in,0,,,
parabangeit,13,para bangeit,21,,,
kanpur,13,kan pur,6,,,
sapna,13,sap na,3,,,
nartap,13,nar tap,0,,,
baniun,13,ba niun,0,,,
deiti,13,dei ti,0,,,
shala,13,sha la,276,,,
meisan,13,mei san,0,,,
khariong,13,khar iong,0,,,
mihnoh,13,mih noh,580,,,
pynsngewtynnad,13,pynsngew tynnad,11,,,
pynhiardor,13,pynhiar dor,58,,,
niewtrep,13,niew trep,0,,,
mawkynring,13,maw kynring,0,,,
kida,13,ki da,518,,,
menshohnoh,13,men shohnoh,0,,,
beinbsah,13,bein bsah,0,,,
nakine,13,na kine,377,,,
niom,13,ni om,0,,,
matter,13,mat ter,0,,,
nongprat,13,nong prat,2,,,
marshiteng,13,mar shiteng,88,,,
sopsop,13,sop sop,146,,,
helmet,13,he lmet,0,,,
khatwei,13,khat wei,0,,,
rangba,13,rang ba,4,,,
bawan,13,ba wan,634,,,
jingseisoh,13,jing seisoh,5,,,
umktieh,13,um ktieh,6,,,
barman,13,bar man,0,,,
muni,13,mu ni,0,,,
jinglehrai,13,jingleh rai,0,,,
kashyap,13,ka shyap,0,,,
bahkhlieh,13,bah khlieh,53,,,
pratap,13,pra tap,0,,,
wako,13,wa ko,0,,,
dongwah,13,dong wah,0,,,
sohshkor,13,soh shkor,4,,,
ohnong,13,oh nong,0,,,
soping,13,sop ing,2,,,
bormet,13,bor met,55,,,
nongknia,13,nong knia,0,,,
mawa,13,ma wa,0,,,
jingpynshit,13,jingpyn shit,0,,,
huam,13,hu am,0,,,
jingbylla,13,jing bylla,2,,,
jingrhah,13,jing rhah,2,,,
pynehrngiew,13,pyneh rngiew,41,,,
kharshong,13,khar shong,0,,,
pynsahnam,13,pynsah nam,18,,,
lumsyntiew,13,lum syntiew,0,,,
lumkya,13,lum kya,0,,,
mawkliaw,13,maw kliaw,0,,,
hari,13,ha ri,1515,,,
umpjah,13,um pjah,4,,,
airong,13,ai rong,25,,,
karim,13,ka rim,2,,,
kharbamon,13,khar bamon,0,,,
nangi,13,na ngi,69,,,
trangblang,13,trang blang,0,,,
jingpynbiej,13,jing pynbiej,0,,,
krensang,13,kren sang,2,,,
thieddieng,13,thied dieng,4,,,
khladnoh,13,khlad noh,804,,,
moto,13,mo to,0,,,
milian,13,mi lian,0,,,
langdoh,13,lang doh,0,,,
lamih,13,la mih,2172,,,
thohmut,13,thoh mut,0,,,
jamia,13,jam ia,83,,,
rangshken,13,rang shken,0,,,
thohmat,13,thoh mat,0,,,
anla,13,an la,0,,,
mawkyrnot,13,maw kyrnot,0,,,
mawpen,13,maw pen,0,,,
jingbuaid,13,jing buaid,2,,,
kemrang,13,kem rang,0,,,
kwaiar,13,kwai ar,0,,,
pattern,13,pat tern,0,,,
jingthur,13,jing thur,0,,,
bada,13,ba da,200,,,
aisail,13,aisa il,0,,,
mawkhlam,13,maw khlam,0,,,
sngewmon,12,sngew mon,15,,,
durut,12,du rut,0,,,
lashi,12,la shi,57,,,
thangsning,12,thang sning,0,,,
paswet,12,pa swet,0,,,
emlang,12,em lang,0,,,
muksor,12,muk sor,0,,,
timing,12,tim ing,0,,,
bharti,12,bhar ti,0,,,
iapeit,12,ia peit,121,,,
nongmareh,12,nong mareh,0,,,
tein,12,te in,3,,,
khunruit,12,khun ruit,3,,,
jingibein,12,jing ibein,2,,,
parade,12,par ade,0,,,
mawdon,12,maw don,0,,,
jingngam,12,jing ngam,2,,,
jingtreishitom,12,jingtrei shitom,187,,,
miah,12,mi ah,0,,,
pramod,12,pram od,0,,,
urksew,12,ur ksew,0,,,
jinghukum,12,jing hukum,0,,,
nongbuaid,12,nong buaid,0,,,
parari,12,par ari,0,,,
jingoh,12,ji ngoh,0,,,
bamdoh,12,bam doh,115,,,
been,12,be en,0,,,
pushe,12,pu she,0,,,
rongram,12,rong ram,0,,,
salah,12,sa lah,98,,,
napkin,12,nap kin,0,,,
ithiang,12,i thiang,0,,,
donnam,12,don nam,13,,,
woman,12,wo man,0,,,
pyndkhaw,12,pyn dkhaw,0,,,
shajngai,12,sha jngai,51,,,
staising,12,stai sing,0,,,
bakin,12,ba kin,6516,,,
thangshalai,12,thang shalai,0,,,
iamynjur,12,ia mynjur,81,,,
arora,12,aro ra,0,,,
shalyndet,12,sha lyndet,161,,,
nangbha,12,nang bha,27,,,
khanna,12,kh anna,0,,,
pyndenglawar,12,pyndeng lawar,0,,,
jingpynkupburom,12,jingpynkup burom,85,,,
kumari,12,kum ari,0,,,
running,12,run ning,0,,,
paidpah,12,paid pah,0,,,
leitnoh,12,leit noh,336,,,
nongsohphoh,12,nong sohphoh,0,,,
dondor,12,don dor,18,,,
iabeit,12,ia beit,42,,,
lytep,12,ly tep,0,,,
iakhap,12,ia khap,5,,,
narang,12,na rang,0,,,
rongdop,12,rong dop,0,,,
jingkynad,12,jing kynad,3,,,
teli,12,te li,0,,,
kidang,12,ki dang,1960,,,
umdu,12,um du,0,,,
manai,12,ma nai,0,,,
baniang,12,ba niang,0,,,
hawking,12,haw king,0,,,
lakha,12,la kha,316,,,
sarita,12,sar ita,0,,,
jakhong,12,ja khong,0,,,
borlang,12,bor lang,3,,,
jingbyn,12,jing byn,2,,,
pynrkhiang,12,pyn rkhiang,0,,,
dkhotmet,12,dkhot met,211,,,
lawjynriew,12,law jynriew,0,,,
shongkli,12,shong kli,87,,,
within,12,wit hin,0,,,
artaiew,12,ar taiew,142,,,
daily,12,dai ly,0,,,
nongpynjot,12,nong pynjot,3,,,
mawit,12,ma wit,0,,,
noida,12,noi da,0,,,
shyiengkrung,12,shyieng krung,4,,,
jropsing,12,jrop sing,6,,,
wahrew,12,wah rew,0,,,
karma,12,kar ma,0,,,
jingsong,12,jing song,0,,,
punji,12,pun ji,0,,,
sonidan,12,soni dan,0,,,
jingiohkem,12,jingioh kem,23,,,
shongdie,12,shong die,71,,,
jyla,12,jy la,0,,,
iatakhuh,12,ia takhuh,6,,,
lumjingtep,12,lum jingtep,149,,,
shrine,12,shri ne,0,,,
kibriew,12,ki briew,8251,,,
sniehkhlieh,12,snieh khlieh,3,,,
momo,12,mo mo,0,,,
rali,12,ra li,0,,,
jingpynphai,12,jing pynphai,4,,,
sanker,12,san ker,0,,,
mawshut,12,maw shut,0,,,
suhlang,12,suh lang,8,,,
ehrngiew,12,eh rngiew,4,,,
tiehbah,12,tieh bah,0,,,
shonglok,12,shong lok,10,,,
kipulit,12,ki pulit,7284,,,
klinker,12,klin ker,0,,,
papeng,12,pap eng,0,,,
porkut,12,por kut,0,,,
tynghor,12,tyng hor,0,,,
iban,12,i ban,26,,,
umblai,12,um blai,0,,,
hasa,12,ha sa,0,,,
borsa,12,bor sa,0,,,
jingkrensih,12,jingkren sih,0,,,
sujit,11,su jit,0,,,
wailad,11,wai lad,0,,,
jaibynriew,11,jai bynriew,0,,,
pyniad,11,pyni ad,0,,,
lumpyllon,11,lum pyllon,8,,,
jingpynleit,11,jing pynleit,0,,,
deiwong,11,dei wong,0,,,
pynsuhjer,11,pyn suhjer,0,,,
laitjem,11,lait jem,0,,,
iakhmih,11,ia khmih,6,,,
lyntiar,11,lyn tiar,0,,,
nangsan,11,nang san,3,,,
borah,11,bo rah,0,,,
shudep,11,shu dep,284,,,
kabir,11,ka bir,5,,,
jaba,11,ja ba,4,,,
shongkhop,11,shong khop,18,,,
winter,11,win ter,0,,,
tuppia,11,tup pia,0,,,
nongshram,11,nong shram,0,,,
bamynta,11,ba mynta,1119,,,
lehsniew,11,leh sniew,16,,,
manohar,11,mano har,0,,,
jingmaian,11,jing maian,0,,,
bymkhuid,11,bym khuid,16,,,
mansan,11,man san,0,,,
honda,11,hon da,0,,,
mathura,11,mat hura,0,,,
maneka,11,man eka,0,,,
jingiohlum,11,jingioh lum,68,,,
aidem,11,ai dem,2,,,
look,11,lo ok,0,,,
nongsning,11,nong sning,0,,,
pynsyrtok,11,pyn syrtok,0,,,
kyrshanbor,11,kyrshan bor,6,,,
indo,11,in do,0,,,
ranger,11,ra nger,0,,,
sangti,11,sang ti,0,,,
iaieid,11,ia ieid,39,,,
arspah,11,ar spah,8,,,
kale,11,ka le,0,,,
nero,11,ne ro,0,,,
kapur,11,ka pur,10,,,
same,11,sa me,0,,,
iasylla,11,ia sylla,21,,,
nahi,11,na hi,0,,,
pynngiah,11,pyn ngiah,0,,,
nakaba,11,na kaba,380,,,
wadajied,11,wa dajied,0,,,
shukla,11,shu kla,0,,,
samhoi,11,sam hoi,0,,,
wood,11,wo od,0,,,
lumpyngngad,11,lum pyngngad,0,,,
laitum,11,lai tum,0,,,
lumkseh,11,lum kseh,0,,,
kamdon,11,kam don,1956,,,
ribok,11,ri bok,0,,,
jingsngewsynei,11,jing sngewsynei,0,,,
sangha,11,sang ha,16,,,
buittuh,11,buit tuh,31,,,
jingkitkhia,11,jing kitkhia,2,,,
nongwai,11,nong wai,0,,,
khambniah,11,kham bniah,141,,,
pynskhemlang,11,pynskhem lang,0,,,
kartik,11,kar tik,0,,,
sinai,11,si nai,0,,,
pohsnem,11,poh snem,0,,,
lymphuid,11,lym phuid,0,,,
umngap,11,um ngap,10,,,
tongseng,11,tong seng,0,,,
ishongkun,11,i shongkun,7,,,
bahok,11,ba hok,10,,,
badonkam,11,ba donkam,345,,,
jingnangkiew,11,jingnang kiew,11,,,
jatah,11,ja tah,0,,,
hakano,11,ha kano,587,,,
athoh,11,at hoh,0,,,
shulong,11,shu long,147,,,
birkin,11,bir kin,0,,,
pynsynjor,11,pyn synjor,0,,,
apil,11,ap il,0,,,
kaset,11,ka set,4,,,
shining,11,shi ning,0,,,
jingkiengjri,11,jingkieng jri,40,,,
mewan,11,me wan,6,,,
sohpdok,11,soh pdok,0,,,
boris,11,bor is,0,,,
jamil,11,jam il,0,,,
beti,11,be ti,0,,,
iashun,11,ia shun,8,,,
jingpynpoi,11,jing pynpoi,0,,,
pynkylluid,11,pyn kylluid,0,,,
pynpar,11,pyn par,2,,,
seinraij,11,sein raij,128,,,
banker,11,ban ker,110,,,
ohlad,11,oh lad,17,,,
lalah,11,la lah,1937,,,
kyrdum,11,kyr dum,0,,,
thungdieng,11,thung dieng,40,,,
kenbah,11,ken bah,0,,,
jingaikhublei,11,jingai khublei,33,,,
jingpynsawa,11,jingpyn sawa,0,,,
rngaid,11,rnga id,0,,,
nongwadbniah,11,nongwad bniah,12,,,
kidaw,11,ki daw,461,,,
pynjahthait,11,pyn jahthait,0,,,
kyrdang,11,kyr dang,0,,,
pomlum,11,pom lum,0,,,
bahun,11,ba hun,2,,,
deen,11,de en,0,,,
nongkhroh,11,nong khroh,0,,,
khasai,11,kha sai,0,,,
madre,11,mad re,0,,,
wanbor,11,wan bor,0,,,
dale,11,da le,0,,,
ngait,11,nga it,0,,,
jingpynkhyllem,11,jing pynkhyllem,0,,,
rehman,11,reh man,0,,,
robin,11,ro bin,0,,,
amsu,11,am su,0,,,
nongsngi,11,nong sngi,6,,,
nangioh,11,nang ioh,48,,,
jingbanbor,11,jingban bor,2,,,
sakwang,11,sa kwang,0,,,
pyntwa,11,pyn twa,0,,,
kospel,11,ko spel,0,,,
kumu,11,ku mu,0,,,
jingkhangdam,11,jingkhang dam,21,,,
nongshongiew,11,nongshong iew,96,,,
todi,11,to di,0,,,
resettlement,11,re settlement,0,,,
sawkhmut,11,saw khmut,7,,,
bankhraw,11,ban khraw,3,,,
nongkroh,11,nong kroh,0,,,
wanpli,11,wan pli,0,,,
mawtyllup,11,maw tyllup,0,,,
iohtnga,11,ioh tnga,19,,,
binita,11,bin ita,0,,,
sngewthamula,10,sngew thamula,26,,,
usha,10,u sha,296,,,
wankit,10,wan kit,80,,,
umdap,10,um dap,0,,,
kmenlang,10,kmen lang,5,,,
sangkli,10,sang kli,0,,,
samlang,10,sam lang,3,,,
ruling,10,ru ling,0,,,
bateri,10,bate ri,0,,,
ithamula,10,i thamula,9,,,
jingkhap,10,jing khap,0,,,
umrynjah,10,um rynjah,0,,,
nongpyntip,10,nong pyntip,0,,,
wanlem,10,wan lem,0,,,
sngewskhem,10,sngew skhem,19,,,
kite,10,ki te,17,,,
iohsei,10,ioh sei,65,,,
imslem,10,im slem,12,,,
atta,10,at ta,0,,,
jinglehbor,10,jingleh bor,4,,,
pyniohkam,10,pynioh kam,35,,,
saron,10,sa ron,10,,,
khongwet,10,khong wet,0,,,
wanstep,10,wan step,0,,,
suklang,10,su klang,0,,,
dalit,10,da lit,0,,,
barem,10,ba rem,21,,,
jingbymngeit,10,jingbym ngeit,0,,,
habaroh,10,ha baroh,981,,,
darshan,10,dar shan,0,,,
baling,10,ba ling,0,,,
porla,10,por la,223,,,
kharduit,10,khar duit,0,,,
here,10,he re,0,,,
manly,10,man ly,0,,,
paidbha,10,paid bha,2,,,
holding,10,ho lding,0,,,
jingbunbriew,10,jingbun briew,63,,,
tola,10,to la,2,,,
pynlum,10,pyn lum,0,,,
tour,10,to ur,0,,,
samir,10,sa mir,0,,,
jingbymler,10,jingbym ler,34,,,
singha,10,sing ha,24,,,
nongshondur,10,nongshon dur,3,,,
jingpynitynnad,10,jingpyni tynnad,0,,,
iaphai,10,ia phai,17,,,
pynsarong,10,pyn sarong,0,,,
lumbah,10,lum bah,8,,,
jingsait,10,jing sait,2,,,
ingskul,10,ing skul,49,,,
pynkhien,10,pyn khien,0,,,
bathoin,10,bat hoin,0,,,
jingpyndem,10,jing pyndem,2,,,
sanmiet,10,san miet,2,,,
hakawei,10,ha kawei,2093,,,
budien,10,bu dien,0,,,
iajied,10,ia jied,34,,,
bahap,10,ba hap,412,,,
pyniohnong,10,pyn iohnong,0,,,
synioh,10,syn ioh,6,,,
nonglwai,10,nong lwai,0,,,
jubanlak,10,juban lak,5,,,
jingpeitngor,10,jing peitngor,3,,,
jaitniam,10,jait niam,49,,,
rhembor,10,rhem bor,0,,,
jingkdup,10,jing kdup,2,,,
iaphet,10,ia phet,36,,,
sahram,10,sah ram,10,,,
amlympiang,10,am lympiang,0,,,
jingpynjynsur,10,jing pynjynsur,3,,,
pynurkba,10,pynur kba,0,,,
mani,10,ma ni,0,,,
bore,10,bo re,0,,,
kyrsian,10,kyr sian,0,,,
aboh,10,ab oh,0,,,
bairung,10,bai rung,63,,,
ksanlah,10,ksan lah,0,,,
took,10,to ok,0,,,
role,10,ro le,0,,,
jinglyngoh,10,jing lyngoh,0,,,
sngewburom,10,sngew burom,16,,,
dangdon,10,dang don,1321,,,
wanpher,10,wan pher,0,,,
jingshondur,10,jingshon dur,12,,,
kakam,10,ka kam,8617,,,
ingkashari,10,ing kashari,34,,,
thunder,10,thun der,0,,,
aida,10,ai da,459,,,
siejiong,10,siej iong,0,,,
riewkai,10,riew kai,0,,,
rongpi,10,rong pi,0,,,
katlah,10,kat lah,6,,,
phangpdeng,10,phang pdeng,42,,,
manosha,10,mano sha,0,,,
pynsyllang,10,pyn syllang,0,,,
iongpiah,10,iong piah,0,,,
mode,10,mo de,0,,,
treishitom,10,trei shitom,476,,,
mawsyn,10,maw syn,0,,,
sngewkyndit,10,sngew kyndit,29,,,
maiong,10,ma iong,0,,,
jingshongkurim,10,jing shongkurim,0,,,
kynjatshai,10,kynjat shai,8,,,
jingshongsyier,10,jingshong syier,26,,,
pamshong,10,pam shong,0,,,
persara,10,per sara,0,,,
mamit,10,mam it,0,,,
kajingjia,10,ka jingjia,4093,,,
mawskei,10,maw skei,0,,,
shitylli,10,shi tylli,3,,,
sengbha,10,seng bha,3,,,
kamtrai,10,kam trai,125,,,
pynsuki,10,pyn suki,3,,,
shkenpyrsit,10,shken pyrsit,0,,,
haruh,10,ha ruh,6,,,
hong,10,ho ng,0,,,
khongbeh,10,khong beh,0,,,
baitynnat,10,ba itynnat,13,,,
khadwai,10,khad wai,0,,,
merit,10,me rit,0,,,
pynden,10,pyn den,0,,,
janong,10,ja nong,0,,,
diat,10,di at,0,,,
jingthom,10,jing thom,2,,,
bahynriew,10,ba hynriew,31,,,
jingpyndonburom,10,jing pyndonburom,0,,,
linter,10,lin ter,0,,,
longjait,10,long jait,3,,,
badki,10,bad ki,16565,,,
ksuidtan,10,ksuid tan,0,,,
tiensih,10,tien sih,3,,,
umtrai,10,um trai,0,,,
mawu,10,maw u,28,,,
pynrhem,10,pyn rhem,0,,,
jingshahthang,10,jingshah thang,27,,,
desai,10,de sai,0,,,
khamkloi,10,kham kloi,165,,,
direk,10,di rek,0,,,
kynthuplang,10,kynthup lang,93,,,
jingpulom,10,jing pulom,0,,,
sniewdur,10,sniew dur,6,,,
momen,10,mo men,0,,,
pynshongkun,10,pyn shongkun,0,,,
thiedsnam,10,thied snam,17,,,
bikram,10,bik ram,0,,,
labet,10,la bet,7,,,
nampui,10,nam pui,0,,,
sujata,10,su jata,0,,,
khatphra,10,khat phra,0,,,
paham,10,pa ham,0,,,
wanbok,10,wan bok,0,,,
daistong,10,dai stong,0,,,
jakarta,10,ja karta,0,,,
warsan,10,war san,4,,,
mukhap,10,mu khap,0,,,
sohbaingon,10,soh baingon,0,,,
jingaiwai,10,jingai wai,7,,,
otdieng,10,ot dieng,39,,,
monsngewbha,10,mon sngewbha,90,,,
kongong,10,ko ngong,0,,,
themmetor,10,them metor,133,,,
iehbei,10,ieh bei,0,,,
umpher,10,um pher,0,,,
rongsak,10,rong sak,0,,,
noin,10,no in,0,,,
bhatia,10,bhat ia,0,,,
donborlang,10,donbor lang,0,,,
mangu,10,mang u,0,,,
aswa,10,as wa,0,,,
wasan,10,wa san,0,,,
tengsak,10,teng sak,0,,,
ramani,10,ram ani,0,,,
nahar,10,na har,0,,,
jongpha,7,jong pha,51,,split,ruled by the project's Khasi speaker: the spaced form is correct (below the generator's count floor)
